Price,Close,High,Low,Open,Volume
Ticker,INFY.NS,INFY.NS,INFY.NS,INFY.NS,INFY.NS
Date,,,,,
2016-08-16,397.50872802734375,399.8708020288985,388.5139317757202,393.8049775392028,16429408
2016-08-17,390.5169982910156,397.82997034728777,389.4587706593923,396.8095266737384,6599316
2016-08-18,386.77545166015625,392.7089630542184,386.0573719421739,391.726349503733,8434000
2016-08-19,385.9818115234375,392.671210189172,384.9047149283079,389.2698233829135,5686016
2016-08-22,383.77093505859375,389.26983934070853,381.3710537621852,384.7346567464478,10253518
2016-08-23,392.91693115234375,393.805061940423,385.52834363823814,385.52834363823814,7406138
2016-08-24,399.62518310546875,401.38257559176486,395.6946822876027,395.6946822876027,6129966
2016-08-25,391.5941467285156,399.7007675156634,390.06350408248056,398.7181538042311,4796562
2016-08-26,385.58502197265625,395.316768422836,384.3756352761006,391.53744941305746,6881054
2016-08-29,386.5487365722656,389.26985082250957,382.0891448364633,384.5834861100265,5220282
2016-08-30,393.2003173828125,394.9387947164347,387.3801574969814,390.1957314075236,4375438
2016-08-31,391.480712890625,395.2222475786569,388.4383890598182,391.953127721582,11139814
2016-09-01,392.12322998046875,393.21919549552365,390.0256896492898,392.293280868181,2877826
2016-09-02,389.9690246582031,393.04917889272514,387.8337001806347,392.69016203878897,3332592
2016-09-06,394.9388122558594,396.41275580596334,391.3862433780929,392.38777208100095,8215044
2016-09-07,398.47247314453125,400.2298656340831,394.5608873673114,396.0726149051172,7425470
2016-09-08,392.1610107421875,394.9388007358217,387.002231534432,394.9388007358217,9092774
2016-09-09,391.3484191894531,393.4270443034483,387.96594768492776,391.9153169478155,5053438
2016-09-12,398.3402404785156,399.8519681463658,387.47469786584264,387.47469786584264,6203096
2016-09-14,395.1655578613281,399.7763544004123,393.29481354046663,398.3212797794512,5152418
2016-09-15,393.88055419921875,395.6190776103712,391.2917302628844,395.1655317114475,4701722
2016-09-16,400.6645812988281,402.3085761171682,392.33116302982205,396.4506306687735,9949384
2016-09-19,401.0612487792969,403.9713516178746,393.55931100786813,395.31670328469465,5809154
2016-09-20,396.8851623535156,399.53068544249015,395.2222528993079,398.07565697040644,4214004
2016-09-21,399.0016174316406,401.08024295460916,397.2253558929924,398.34023658342335,4231532
2016-09-22,400.154296875,400.98572856535105,397.5843416123933,400.2298647980271,3629514
2016-09-23,394.012939453125,400.15433311888734,393.04919460879074,399.4740372129729,5205294
2016-09-26,391.4996337890625,394.5608727125663,389.64775839718,394.0884578745484,6371798
2016-09-27,392.9546813964844,396.79069929482,390.5359080812089,391.17841997275445,6525660
2016-09-28,392.6522521972656,393.9183607218617,390.498059242613,393.04909906829664,5434708
2016-09-29,388.9674377441406,394.9198643231496,387.0022105971554,394.9198643231496,8902638
2016-09-30,391.5562744140625,394.52302992760906,389.685484253896,389.685484253896,6502354
2016-10-03,392.3310546875,393.04913444844055,387.79587236694107,391.34844107823096,3656160
2016-10-04,396.52606201171875,397.3575397275608,392.40664192610774,393.0491075905818,5066586
2016-10-05,393.6160583496094,396.7717803634857,391.91536486658174,396.5261154113068,2307574
2016-10-06,388.2872009277344,394.9387924152444,387.739172051961,394.9387924152444,3721882
2016-10-07,382.6749572753906,390.706033564723,381.74901946693393,389.25095877940504,6288558
2016-10-10,389.2508850097656,389.93118078395463,381.71116316141917,384.3566860744191,5413170
2016-10-13,397.7165832519531,399.85190748569954,386.01961065019185,386.01961065019185,9778690
2016-10-14,388.1927185058594,409.18680560936485,376.51461482666707,397.9244638828096,33461690
2016-10-17,386.3974914550781,393.7293777899372,384.4889173624362,391.14050798614954,8014858
2016-10-18,392.69012451171875,393.2381072646782,388.24942507840785,389.26982266469827,6388134
2016-10-19,393.72943115234375,395.2033285024942,391.5374079053471,393.8049990708221,3509836
2016-10-20,391.78314208984375,397.0930579936409,390.7060453227173,394.84438147745993,3535490
2016-10-21,396.6152038574219,397.64654512110275,390.5798197755308,395.35463419821457,3863620
2016-10-24,392.33697509765625,398.295934671667,391.72580812604895,396.30963035668043,2902974
2016-10-25,388.55535888671875,396.84444257700983,387.7913884694482,395.9276687504744,5636014
2016-10-26,387.4093322753906,389.56753432001426,385.53759577022726,388.4788860006886,2775216
2016-10-27,383.3221435546875,388.8418342907021,382.4053697599869,388.82273969383874,7227790
2016-10-28,381.03021240234375,385.80502709410246,379.36858621542166,383.97150291537207,5840706
2016-11-01,377.9552001953125,384.58263302674965,376.79015018504117,384.58263302674965,6332798
2016-11-02,374.7464599609375,377.21026840226625,374.34538028781867,376.1789040181613,5377194
2016-11-03,369.3222961425781,375.1093799141082,368.65382219670266,374.7464893948716,5225108
2016-11-04,370.9076232910156,374.03990654402,367.0877713518703,369.3796825153575,6005548
2016-11-07,373.5623779296875,376.63735368991047,372.43551708687903,376.2553685441803,4537672
2016-11-08,375.33868408203125,377.30591737593795,370.75486124375107,376.98123925070456,5261108
2016-11-09,366.05633544921875,372.28268823578503,344.1685927590764,355.24616122745954,12764158
2016-11-10,358.8368225097656,367.66066924585783,357.1560786959762,367.66066924585783,7287330
2016-11-11,352.0184020996094,360.975958320846,350.9297537733397,359.0660326154447,7096782
2016-11-15,352.78240966796875,359.0469759696072,347.0526319461745,352.95430766252764,9235850
2016-11-16,359.409912109375,365.50255787415995,354.69238053177827,355.24626377799365,12222616
2016-11-17,355.1697082519531,362.5038261520747,353.8709730215733,356.8695464516078,5706730
2016-11-18,351.4263000488281,356.48760273974875,350.4713372769563,355.24615113631535,6040228
2016-11-21,348.0267028808594,354.06208763155325,346.4414783055781,354.06208763155325,7940568
2016-11-22,349.2108154296875,354.7305052988707,348.23675799736634,350.242179958125,5483126
2016-11-23,351.5218200683594,352.53409000072213,348.54234068178465,352.22848324146537,8251786
2016-11-24,355.36077880859375,359.0278502210703,352.6868827704335,354.558619322955,16780644
2016-11-25,373.3904724121094,376.25536094724066,355.41807633129037,355.41807633129037,12631380
2016-11-28,374.24993896484375,375.66328863838356,370.75476562624743,374.07804098983496,7365712
2016-11-29,371.518798828125,376.1408337696094,369.41788021323026,373.88711174782077,6125506
2016-11-30,372.6456604003906,373.1995436080571,367.1068749527787,371.67160279492276,8500918
2016-12-01,372.6647033691406,375.70148997743775,369.37964040182106,372.8175067550955,4611590
2016-12-02,368.4247131347656,370.3728282641003,367.12595417219205,368.5393040280455,4453228
2016-12-05,367.33599853515625,369.99077645714175,365.9417435268082,368.95943528879815,3659576
2016-12-06,369.1886901855469,374.1544977100291,367.3360713195312,367.3933551099442,3562110
2016-12-07,369.15045166015625,371.67154427909736,366.78213910975893,369.76161856337745,3385980
2016-12-08,376.1216735839844,376.6755333797075,370.54467660825077,370.54467660825077,5941662
2016-12-09,377.9170227050781,385.09836263044406,374.9184484139249,376.25539652339893,8648384
2016-12-12,373.3332214355469,375.4150454135894,368.6921152996905,375.4150454135894,5345020
2016-12-13,378.2417297363281,379.253976474178,370.945798812749,374.53646882901575,4854282
2016-12-14,381.88970947265625,383.8760372055869,375.9116316764809,378.5473389221329,5382614
2016-12-15,379.06292724609375,389.22374550025,377.783286410653,380.99197076765427,7966416
2016-12-16,383.9523010253906,385.6903284246002,381.1256021919706,383.43660719407455,6436742
2016-12-19,383.7613525390625,385.1364896180396,379.73139095119944,384.3152123004843,4124134
2016-12-20,386.62628173828125,389.2428707091921,382.48172884162335,382.74912311149217,7636498
2016-12-21,382.5772399902344,390.3888413314446,381.3166935999164,388.0969303255848,7343976
2016-12-22,376.1407775878906,384.65904167305877,370.33459871105305,382.94010851761806,7060054
2016-12-23,377.5732421875,384.506258965209,371.90074848080246,376.21719951041564,7306036
2016-12-26,375.3958740234375,379.6932065930266,372.4736785503084,377.4012958892458,3213828
2016-12-27,381.5840759277344,382.7109367998901,374.345452564726,375.3959117428413,4912816
2016-12-28,381.4122314453125,385.7286596470361,380.07528321290533,383.11207028942135,5476816
2016-12-29,379.06292724609375,385.04100374311247,377.4586083821148,383.4175669713781,6240124
2016-12-30,386.0341796875,386.56896821835437,379.21575414898354,381.22117616790285,7267768
2017-01-02,382.4053039550781,386.93184173000503,381.7368299782111,386.225155251461,2335222
2017-01-03,379.6358947753906,383.85684892061136,375.10938051756045,383.55124217895985,6778482
2017-01-04,381.1257019042969,383.5895109042428,379.02478347736263,380.0943372863515,7073586
2017-01-05,380.51446533203125,385.6139570730134,377.687766276317,382.5962654679812,8207074
2017-01-06,371.385009765625,381.5458039983314,369.78066769874505,380.0369815200176,14393448
2017-01-09,370.6593017578125,373.1804178778736,368.61569041654616,371.3850829093129,10545692
2017-01-10,370.7357177734375,374.7274676318089,369.74256561520826,373.19952688713283,11939854
2017-01-11,370.1817321777344,373.7533066690339,368.2145230019187,372.1298700769484,12241574
2017-01-12,382.0042724609375,383.665921973365,373.4096059589761,373.4096059589761,11855740
2017-01-13,372.7410888671875,397.26453911795,367.7370929406453,393.44468778027743,31276246
2017-01-16,365.0440979003906,368.7875475021552,363.8217408245331,368.61564953117926,12351372
2017-01-17,364.9486389160156,368.233702035753,363.80268341175497,365.27331698307967,5560094
2017-01-18,363.19146728515625,367.0877203850299,362.8094821442769,365.9799541506707,5952962
2017-01-19,365.9799499511719,366.5529276559161,362.16009858621015,363.267864807858,8876480
2017-01-20,362.3892822265625,364.0891206463533,361.35791775610915,362.8858582117375,9124742
2017-01-23,363.9172668457031,365.9417835321936,359.0660506474551,360.97597644877135,7948580
2017-01-24,361.18603515625,362.88587364834933,359.10421153399454,362.88587364834933,6826010
2017-01-25,357.767333984375,361.66358774162575,357.07976527769,361.3961934349908,9978090
2017-01-27,359.8872985839844,361.9500042917039,344.225908296254,356.7168033619238,10635138
2017-01-30,362.6375732421875,363.4588505961431,354.8068780900898,358.1110587849545,11369208
2017-01-31,354.71136474609375,359.6389820037647,345.4482258044142,359.6389820037647,24068534
2017-02-01,350.1849060058594,352.64871502517315,345.7538873418487,351.84653217623224,11531782
2017-02-02,357.4999084472656,360.9759639595857,347.64467300182986,350.28037984226467,11828268
2017-02-03,357.5762634277344,359.4098106652047,351.8273920037454,356.6977023099175,8423958
2017-02-06,357.25164794921875,360.4985220551459,355.45631289833034,358.0156183270839,6727934
2017-02-07,359.92547607421875,362.8094590413069,354.69227531450707,356.3921137460824,9268002
2017-02-08,357.7290954589844,360.6321732933333,356.1820602536468,357.53810288265817,6319962
2017-02-09,361.35791015625,362.88585057974365,357.7481462428421,357.9200442033893,11907266
2017-02-10,369.8762512207031,371.2896010728774,360.3266215634789,361.45348252593647,12252452
2017-02-13,376.007080078125,376.6755541030723,367.79439920020087,371.6142507713284,13724268
2017-02-14,377.28680419921875,377.78338031934175,371.42331711858935,374.345513359914,9338818
2017-02-15,375.0329895019531,381.526736599939,370.0671828976109,377.8596887410027,7259486
2017-02-16,386.6071472167969,387.2947391139209,378.18437962225204,378.5472701647292,12815858
2017-02-17,382.0233459472656,387.2374526628136,379.19666977597507,387.2374526628136,4851208
2017-02-20,385.90045166015625,393.82664257522504,379.50220116245015,380.64815647547215,4650662
2017-02-21,387.18011474609375,391.3437619491556,382.0042209469083,390.4269883200985,7613996
2017-02-22,378.22265625,387.71497917290543,376.7902117456666,387.71497917290543,6607838
2017-02-23,385.3657531738281,389.6248974075743,379.4449826740072,381.5650191497574,9542656
2017-02-27,386.7218322753906,390.7708661373175,384.6400082376579,384.77369373408385,5328696
2017-02-28,386.7218322753906,390.6562752383058,385.5185695494504,386.51172176025455,5940132
2017-03-01,391.5921630859375,392.29882642701045,385.8432667929067,386.5690480468691,4282448
2017-03-02,390.8854064941406,392.6807413949405,388.2879120894524,391.30560415555374,2948498
2017-03-03,393.9031066894531,395.0872980739173,382.13799089215047,385.90053566313,5401612
2017-03-06,394.9344177246094,395.7174592289691,389.51022445616985,389.64390991993446,5286386
2017-03-07,389.54840087890625,391.84033479673195,387.6002861919048,390.3887727630223,4644496
2017-03-08,384.96466064453125,388.440739779404,383.6850196143382,388.440739779404,6179176
2017-03-09,386.3970947265625,386.9509778869364,381.6031854975809,384.9646503365566,3480630
2017-03-10,390.33154296875,392.5470756422992,387.1037868815246,387.7149538376262,4550324
2017-03-14,395.2782287597656,397.99031384038113,390.69438391325895,390.69438391325895,7878396
2017-03-15,386.5498962402344,395.3164605273299,384.85005757612475,395.3164605273299,6373978
2017-03-16,393.0054016113281,394.09404993354434,387.0655373525507,387.0655373525507,6702956
2017-03-17,397.3792419433594,398.3723941868635,389.33843443247457,395.50750504460837,9507846
2017-03-20,390.1978454589844,392.12688919094427,387.7531310808619,392.12688919094427,4427388
2017-03-21,394.5332946777344,395.3354540486466,389.1664087744867,389.9685914599188,4869584
2017-03-22,392.5660705566406,397.2453880547443,389.77760729029717,390.5606720862594,3990852
2017-03-23,397.43646240234375,398.41054326424563,392.1459769781924,392.7762618518318,4501662
2017-03-24,393.9794616699219,398.7924648509349,392.5660887500167,396.5005541334008,4883896
2017-03-27,393.0054016113281,397.9712084268822,391.3437755796249,392.37511680508334,7684824
2017-03-28,395.4119873046875,396.8826209921781,393.4638721193718,394.01773200522786,4796796
2017-03-29,394.1513977050781,397.8375640089839,391.85948663061447,395.0872893712476,6981186
2017-03-30,391.72576904296875,395.698423905635,389.7203470171515,394.9726427990538,12157180
2017-03-31,390.48431396484375,393.1773278851852,385.04102565572265,390.86629910934346,14153854
2017-04-03,385.3466796875,394.38061602083667,384.31531494554406,394.2660484339304,4315600
2017-04-05,380.4380798339844,384.0478438325648,378.5472488523926,383.8950404608018,7398338
2017-04-06,381.83233642578125,384.20064895549234,378.9292586890532,381.2784766246785,5379008
2017-04-07,374.9375305175781,382.3289573795464,373.9634730188913,382.3289573795464,6404508
2017-04-10,364.1846618652344,377.974316853116,362.9240921821697,376.2171944381229,9528472
2017-04-11,369.43695068359375,371.1749784698209,365.1969014893051,365.1969014893051,8655466
2017-04-12,370.0863037109375,373.161302823872,366.8394299319084,370.52559595979193,6696752
2017-04-13,355.7809753417969,378.165295636491,353.9665458930359,370.5255926943397,30973188
2017-04-17,353.29815673828125,356.0484318063791,352.7633680780796,355.24627213060535,7213434
2017-04-18,352.4386291503906,356.7741515375911,351.08256313478967,353.2407886877809,4647518
2017-04-19,351.1207275390625,355.24616217888064,348.61872966188974,352.5722663345235,10071702
2017-04-20,354.21484375,355.1316174845135,350.8724735099343,351.9993344252042,4549000
2017-04-21,352.83966064453125,357.0796861583849,351.8464853420235,357.0796861583849,3577466
2017-04-24,353.9283142089844,354.6731898683813,348.7524204090814,350.47135347791044,5556666
2017-04-25,354.9978942871094,356.392149427937,351.6364295877784,353.68006415466994,4737060
2017-04-26,349.22991943359375,357.3661983735719,347.6828842565136,355.2270908835997,9084496
2017-04-27,353.4317626953125,354.86420701858447,349.8984000312415,349.8984000312415,7797208
2017-04-28,351.0252685546875,354.253047829797,349.7456042759274,354.0429373395136,5029702
2017-05-02,352.41949462890625,353.87105686932625,349.55460596679876,352.95428317164243,3231126
2017-05-03,356.88873291015625,358.7222570285323,350.5286939388028,353.9092533034797,4659448
2017-05-04,358.1683654785156,358.93233573640015,354.82599560027086,357.92006581889433,5279806
2017-05-05,355.8192138671875,358.05381796179887,351.426384066358,357.53814726751204,4432788
2017-05-08,361.16693115234375,362.3319811060599,356.01013202959746,358.30204275081803,4707098
2017-05-09,361.6062316894531,363.6307482102252,359.8681807009057,363.115054297368,5649372
2017-05-10,360.46026611328125,362.8858622880295,357.97736284499473,361.79721402697396,3364302
2017-05-11,360.6322021484375,362.82861695192963,358.1302038612776,361.68266140228155,3229482
2017-05-12,368.3292541503906,368.99772829585413,363.43984792076316,364.03192035812526,10979996
2017-05-15,363.4779968261719,368.04272443353017,362.542128463358,368.04272443353017,7297164
2017-05-16,364.7958068847656,366.7630396717857,361.72083118597135,364.070025796568,6130168
2017-05-17,363.9554443359375,366.11366974785454,360.536672598579,363.49705749545245,2915508
2017-05-18,367.3742370605469,372.0153661994949,360.154708025411,360.21201512669165,8057848
2017-05-19,365.92266845703125,367.73709786673123,362.06460456558716,367.27871103716564,4257396
2017-05-22,367.2596740722656,369.34149806876184,365.38793727221736,366.0946238787576,5503052
2017-05-23,365.6744384765625,369.37969969274576,364.4520811362871,368.48204377111296,4039982
2017-05-24,364.7193908691406,368.806636349172,362.7330635661372,366.7057181721441,5636286
2017-05-25,375.6060485839844,376.86659510150696,367.08778314884677,367.08778314884677,10438514
2017-05-26,380.3426208496094,381.9851523417743,374.5746310605345,377.01934536133126,4988004
2017-05-29,376.3126525878906,380.7245760878823,372.70288851898044,378.50906704128045,6308434
2017-05-30,380.5335693359375,381.9851080837516,373.8297353519718,375.10937613824404,3716910
2017-05-31,373.2186279296875,379.52138361033616,372.3782558426958,379.52138361033616,7763900
2017-06-01,376.74798583984375,379.96705481751076,371.7642249861363,375.93350720354334,5508606
2017-06-02,375.99169921875,378.31874049669756,373.95553810054594,377.5236727944431,3917966
2017-06-05,371.8417663574219,376.98064865649445,371.1824333280694,376.2049683094647,5462698
2017-06-06,379.8312683105469,382.9921752254658,374.0330765952751,374.2657712329868,7008686
2017-06-07,372.8307800292969,383.53518376689027,366.5089894951339,382.022597516092,12455046
2017-06-08,370.9497375488281,373.47069866890126,367.73066885295805,373.47069866890126,6195352
2017-06-09,367.90521240234375,368.8166510956694,357.976512531124,364.007423040364,14757662
2017-06-12,373.8197326660156,374.3433310906354,364.60852876945415,365.8690093026678,8591676
2017-06-13,371.47332763671875,373.47071407531166,369.06871373476906,369.8056195613281,4937794
2017-06-14,371.7835998535156,373.06349142900075,368.91359662603554,372.3265855929267,7438110
2017-06-15,369.2626953125,375.40997752401876,368.2930946802627,372.190908159369,5528062
2017-06-16,364.66668701171875,369.9413033800932,363.0183664376163,368.09906273844933,10948450
2017-06-19,360.63323974609375,364.6667877337876,359.91574476676936,364.5504403955039,6855860
2017-06-20,365.9466247558594,367.2459036601656,362.2621427674568,362.63059570067463,5184396
2017-06-21,365.8689880371094,368.06029430546863,363.0377597383671,366.508933739376,3735864
2017-06-22,364.6279296875,375.7007613326851,362.6693179753239,367.55611811129097,9465242
2017-06-23,365.8302917480469,368.1185585412799,363.7941305694863,366.5090121409004,6403018
2017-06-27,359.5472717285156,367.67252908346137,358.2674037350711,366.5090084218048,6904660
2017-06-28,358.63580322265625,361.8548718390446,357.20078988613085,361.77729907211904,5905224
2017-06-29,360.7689208984375,367.65308372569194,359.3726821218917,360.7689208984375,15914040
2017-06-30,362.8438720703125,363.79408523627694,360.30352365085423,361.0016312335616,4216700
2017-07-03,369.18505859375,370.38735362366975,362.4754048733212,364.9963659189273,5088924
2017-07-04,373.160400390625,376.2049360226736,368.2154386026981,369.94130828921277,5167726
2017-07-05,368.7972412109375,371.93873723919813,366.66412019444573,371.93873723919813,4226228
2017-07-06,367.2846374511719,371.16303911380305,366.19868972001217,366.50895711864564,3829720
2017-07-07,362.78570556640625,366.683494552129,361.8742669610626,366.062936075151,5776886
2017-07-10,371.1824645996094,372.24902516663144,364.56979381845014,365.8108872126351,1464376
2017-07-11,378.27984619140625,383.7677932800814,371.02725498809576,371.02725498809576,11539708
2017-07-12,377.1164245605469,380.66517200571815,375.72020925169585,378.12482332528435,6275976
2017-07-13,378.93927001953125,381.42145681639136,373.91673459781623,379.01684279541206,5170392
2017-07-14,377.0000915527344,390.49692684797594,374.6730501683173,387.6269233436616,22478180
2017-07-17,381.6541748046875,384.7375093773211,377.75638521523257,378.1442254464597,7698250
2017-07-18,382.2552490234375,389.70178476740256,380.50996831806526,382.4297818283516,8260180
2017-07-19,380.025146484375,383.4381586069482,375.8558650367084,380.6457049029716,5890278
2017-07-20,375.99169921875,380.0252232307263,375.0220986862719,379.8119158479587,6809740
2017-07-21,380.12213134765625,381.07234447403425,376.74794089316043,377.3684756804072,5980754
2017-07-24,384.1750793457031,385.51313267942027,381.0917452302381,381.4408108553419,6129176
2017-07-25,385.4549560546875,387.45234246407256,382.48799286057175,383.9617808202521,7145614
2017-07-26,385.53253173828125,387.45234539126386,384.11692926405755,387.1032797554902,6870024
2017-07-27,376.6122131347656,389.3915521761182,374.9638923212711,386.2888306448344,12676852
2017-07-28,386.8124084472656,389.00371501455703,373.21861436682724,378.5320297649129,11098428
2017-07-31,392.1839904785156,396.2563123241579,382.7012934464286,384.6986798204265,19158248
2017-08-01,389.9927062988281,394.43348129955746,387.2002521393211,392.1064401119495,7689398
2017-08-02,385.26104736328125,392.7851565980213,382.8758443725572,390.1672352876913,4257584
2017-08-03,381.6347961425781,387.35543968231696,380.1803952426445,384.34967782245417,4640348
2017-08-04,381.5378112792969,383.5739724068357,378.5514368911957,383.1861321920664,5349018
2017-08-07,375.5262756347656,381.5377987665383,374.537287853916,381.44083871602584,6073744
2017-08-08,373.8197326660156,376.3019191847904,370.40674395661404,375.6231988976753,6004648
2017-08-09,375.952880859375,377.7175726714838,374.09125267109795,375.2935714701109,3922410
2017-08-10,380.5682067871094,382.99220810422474,375.95289881056664,376.16622986398306,9140684
2017-08-11,383.0697937011719,386.6767030473765,376.04987144873326,378.53205834928735,6544156
2017-08-14,380.6457824707031,383.6515441268818,378.97807428616875,383.1861311360636,3816470
2017-08-16,378.2217102050781,382.4491535384847,375.81709659670804,380.85901842927484,6178080
2017-08-17,395.92657470703125,399.184441164643,387.08382475736215,389.7793183099016,25784260
2017-08-18,358.073486328125,394.78257294928454,342.92833033559964,394.78257294928454,164404960
2017-08-21,338.7396545410156,358.3643600260689,337.4209883362337,358.3643600260689,90407176
2017-08-22,339.51531982421875,347.9120459331676,333.5425712882099,347.1945510334536,49242598
2017-08-23,346.2637634277344,350.49123153556627,338.9335970548558,341.29941306301396,61284190
2017-08-24,353.7684020996094,356.1342175445741,349.96754969416105,352.9345363088074,42380524
2017-08-28,364.95758056640625,369.9801152352517,363.7940601182668,366.1017137414535,40712108
2017-08-29,359.7023620605469,365.3454316688253,358.96545628587916,365.1321243146483,13369392
2017-08-30,359.3921203613281,364.1819372234679,358.4031089425411,363.4838296181197,16149664
2017-08-31,354.8544006347656,360.28416350990136,354.0593329481411,360.2259780103413,15022452
2017-09-01,356.7935485839844,359.1012021970015,352.9345343802847,355.2421879933018,8433922
2017-09-04,349.1337585449219,357.2396046557644,346.5352244275954,357.2008301038784,10177108
2017-09-05,349.7930908203125,350.99538598864564,347.9896243959252,349.8318653721087,9783392
2017-09-06,347.3496398925781,349.1724933897937,345.177744452418,349.05614607547886,7735910
2017-09-07,347.4078674316406,349.2501084255567,346.08920125145085,349.0561883209339,6241192
2017-09-08,342.9670715332031,348.6683269982526,342.1138183901538,348.6683269982526,8604542
2017-09-11,340.795166015625,345.87586283204695,338.8365778690754,345.33290079096105,13787642
2017-09-12,342.8701477050781,344.3051612783519,340.8339865147528,342.28838736498517,17241354
2017-09-13,342.7537841796875,344.2469595132994,341.68722360656824,343.43250454439976,11478228
2017-09-14,346.10858154296875,347.7374913400094,341.9198887166194,343.0446346925624,13698006
2017-09-15,352.2558288574219,354.19502967689573,346.0309989612879,346.06977350892333,13459460
2017-09-18,352.58551025390625,355.9403373946454,351.4995624470632,352.93457589662466,8475860
2017-09-19,353.8072204589844,355.2616212007999,350.41361872808153,352.15889961826014,6033330
2017-09-20,353.98175048828125,355.64945859135514,351.9455894658116,355.64945859135514,5767830
2017-09-21,352.7600402832031,354.97073410185317,352.21707822002253,354.8737740542973,8204152
2017-09-22,348.3968200683594,353.03151483545685,344.4020710506846,352.2170599469965,17604088
2017-09-25,347.2526550292969,349.81241412066845,344.82865418815896,349.44396125843883,9088700
2017-09-26,351.34442138671875,352.31402181700344,346.8454611870664,347.89263438615103,7366478
2017-09-27,348.97857666015625,352.120096208137,347.15572314543437,351.42196497177343,6000138
2017-09-28,347.5048522949219,350.56879963547436,346.8455191577523,347.5436268498597,17537266
2017-09-29,349.01739501953125,349.98699549055794,347.1169686275643,348.2804891927963,5705832
2017-10-03,350.4330139160156,353.7102683959477,349.6767207788178,352.9733625347011,4947522
2017-10-04,348.9010314941406,351.15052357258486,347.9508419497037,350.21969763171916,4991492
2017-10-05,350.2391357421875,350.976041691654,348.6683874518936,349.056227704899,8611300
2017-10-06,356.87115478515625,357.5886496568194,350.588139069824,350.6075263446472,8574308
2017-10-09,358.3255615234375,360.3035370265184,354.4859341681785,356.8129753115145,3504832
2017-10-10,362.80511474609375,364.55039562166456,360.5168481293684,364.55039562166456,7143220
2017-10-11,360.9627990722656,363.7940271719567,359.91562602939854,362.8050396149808,5982504
2017-10-12,359.64422607421875,362.37849485132676,356.63846441265656,360.6913993874632,10280972
2017-10-13,360.73016357421875,362.04882973402425,359.7411757903083,361.77733685737167,7180728
2017-10-16,364.1819763183594,365.34549700947235,361.8549349361334,362.9990683501057,5758750
2017-10-17,360.88531494140625,363.3287035268899,360.49747473190445,363.3287035268899,5625102
2017-10-18,358.50006103515625,360.6913675216497,357.9570989861047,360.2647527922602,7231852
2017-10-19,359.5084533691406,361.46704150989757,358.8297330658763,360.6913611633098,1091434
2017-10-23,364.3758850097656,365.34548555529454,359.9544970533985,360.69140293675576,9154096
2017-10-24,359.33392333984375,367.14891236099726,357.4334970072306,366.89680677764943,14529328
2017-10-25,362.7469482421875,366.39265573080775,354.9707566682361,356.4251574740333,13984134
2017-10-26,367.4203796386719,369.14627314861036,364.60853837511684,365.3454441750097,33659258
2017-10-27,367.03253173828125,371.4345318268668,366.1211168166549,370.3873586439676,8524956
2017-10-30,366.159912109375,370.25164503126007,364.97700427007015,370.25164503126007,12968326
2017-10-31,362.52227783203125,365.72731714777746,361.79476535048957,363.7610412491335,9954988
2017-11-01,364.5672607421875,365.49142494571186,363.0925536111967,363.7610923110581,5633134
2017-11-02,362.9352111816406,364.1542926251095,361.7947615713831,362.99418505654916,4686138
2017-11-03,364.40997314453125,365.6880526583893,360.59539256422966,360.61505052550234,3699086
2017-11-06,365.2160949707031,367.69359783478,362.83690590283874,363.0335334952638,5066534
2017-11-07,375.75537109375,377.5250196232339,364.0953439596372,364.2526556521046,13442820
2017-11-08,374.49688720703125,378.2524692160373,372.60926722368487,377.6232705557186,5369994
2017-11-09,375.36212158203125,378.7047910775234,372.9042763647576,374.77223872988554,4723232
2017-11-10,378.33111572265625,379.2355977754637,373.592395922226,377.0530364734487,6589428
2017-11-13,374.3592834472656,381.2215913228913,373.336805550393,378.33115127089263,5021216
2017-11-14,373.23846435546875,375.4996815351647,370.9379312605603,374.35925596770875,5733710
2017-11-15,374.3003234863281,374.9688621784729,371.4295651049477,371.68519060566007,7023516
2017-11-16,388.6934509277344,391.64286494023014,373.00255878029975,374.30029614531935,15687502
2017-11-17,381.83111572265625,387.55297369978524,379.550240515566,387.55297369978524,8057670
2017-11-20,377.7413024902344,381.850824401939,376.44356504506294,381.06431395002977,5661190
2017-11-21,379.98284912109375,382.0474389869522,377.54466200283935,378.03623101851997,5364656
2017-11-22,380.00250244140625,381.8704646781846,378.82273681817776,380.12047420325047,6084920
2017-11-23,389.8141784667969,391.0725997828802,381.0642511317288,382.0473890345454,11894618
2017-11-24,397.01080322265625,400.84504162414754,389.401324303731,389.6766077586758,18619912
2017-11-27,392.7637023925781,395.89008660133885,390.6204563625222,395.89008660133885,6017730
2017-11-28,387.2383728027344,393.21585621967876,385.9012956165158,391.0529527729311,4616868
2017-11-29,386.45184326171875,390.08945342328025,385.5080212945199,388.39846106757284,3838070
2017-11-30,383.8563537597656,389.1063245702415,380.80862625638935,389.1063245702415,17266944
2017-12-01,377.0530700683594,386.64850627215264,376.3648734882379,385.1541413557958,4085000
2017-12-04,387.4940185546875,391.9967955908004,380.8873357081222,385.39011274423507,17811606
2017-12-05,387.1007995605469,394.4350196464568,384.9968935532215,387.49405481443165,9976738
2017-12-06,389.4406433105469,390.93500836043853,386.96314020120093,387.3563954249826,7490094
2017-12-07,393.176513671875,394.3956190987788,387.59228546440806,388.9293626416856,7549544
2017-12-08,393.9827575683594,396.0080316808931,391.2889687412995,393.6485002110963,5983244
2017-12-11,395.3394775390625,395.9687003078952,390.8760402838044,391.2692955134269,5139098
2017-12-12,397.3843994140625,398.76079268269115,394.041730047393,394.041730047393,9320434
2017-12-13,394.7298583984375,400.7269994600327,392.3310115747553,397.54164233319045,5362398
2017-12-14,398.4068603515625,399.15405488284273,392.9799430265406,395.3198164246085,6023572
2017-12-15,402.2607727050781,403.6371659701719,397.9152833376528,398.3675364399983,10384134
2017-12-18,399.7832946777344,405.3281843393466,395.53614259624453,397.9350141254614,4035448
2017-12-19,394.8086242675781,400.314197924174,393.0782915174038,400.11757029358125,7118898
2017-12-20,399.4883117675781,400.5697636391768,393.6484812619032,395.2608180876926,4186326
2017-12-21,401.926513671875,404.6399604293433,392.6260416373537,399.0754131788222,11059162
2017-12-22,408.72979736328125,410.87306708399154,399.54729771074847,399.54729771074847,12906940
2017-12-26,407.2550354003906,409.5752504527835,402.30002996946473,405.052816098288,10808906
2017-12-27,406.72418212890625,408.6314602082252,404.0303936659685,404.2663371800973,6970172
2017-12-28,406.3309326171875,408.985405199008,402.6146662021604,405.0528532259406,8433472
2017-12-29,409.7915954589844,412.44606802722507,405.05285115376677,405.09216707233935,6601768
2018-01-01,406.4489440917969,410.7550694668685,405.0528688854711,408.08091481988475,5431340
2018-01-02,404.9347839355469,409.77184118600616,402.2999937939388,407.9038793379893,6112248
2018-01-03,401.63153076171875,405.6820545192454,400.5697369217632,404.46297300080283,6846552
2018-01-04,399.3113708496094,401.5135905405488,397.0304713096574,401.5135905405488,8947614
2018-01-05,397.9742736816406,403.6371583231272,395.61474241475344,399.2720110779499,11025976
2018-01-08,407.4320983886719,408.5921821099753,401.13999073492084,403.04729299317495,5594690
2018-01-09,409.516357421875,410.91243280368457,404.62034861261975,408.98547241921244,9948236
2018-01-10,413.8027648925781,415.2774718237705,406.25228460678636,411.6595433544917,9468634
2018-01-11,423.06396484375,426.0526947732614,414.9825512535298,414.9825512535298,16775298
2018-01-12,424.1060485839844,427.0358286085206,420.99937092725446,426.9965126897237,18016528
2018-01-15,425.1678771972656,429.8082598429778,418.85611191486214,424.71562410767524,10649250
2018-01-16,441.5666198730469,446.2660486155505,425.2072121109386,425.2072121109386,22646966
2018-01-17,453.0693054199219,456.88390965522285,441.6255887235891,442.3531012411883,26154088
2018-01-18,453.3052978515625,458.1030406026039,445.2042494744676,450.27725169275004,13204970
2018-01-19,449.6676330566406,451.41764747545477,446.7379010588288,450.27719781017515,5988278
2018-01-22,452.2434997558594,454.97660431333856,445.1649058466372,445.2239037301715,9650214
2018-01-23,462.9006652832031,467.1871563693669,454.20973535910673,454.20973535910673,15403796
2018-01-24,466.32196044921875,480.18420402230663,459.12537224340684,461.99615394414167,20604718
2018-01-25,462.232177734375,465.3782193755758,457.06086218569413,464.82765248740844,13548914
2018-01-29,465.1814880371094,470.4314342541632,458.2208436553113,458.751776467694,10823002
2018-01-30,460.3642272949219,465.2602355224607,457.2378195310733,463.6085828204634,8628312
2018-01-31,452.3417663574219,458.77147888638837,449.15640903162756,455.8417470260428,9213698
2018-02-01,450.119873046875,455.3501861848499,439.87560432836096,449.17605100632835,13005454
2018-02-02,449.5889587402344,457.316432184834,444.4176438189774,446.4429174807357,10244486
2018-02-05,447.6030578613281,454.15076666550357,446.6789177248942,448.31093643656345,9860220
2018-02-06,435.62841796875,443.72946493304414,430.6734123890192,432.56100841688806,10552078
2018-02-07,436.1397705078125,442.3335409267006,433.9768665520103,438.8728753954999,8342056
2018-02-08,446.04974365234375,450.8278042873557,439.0891452984766,441.5469904806032,8807244
2018-02-09,436.1791076660156,440.56391368172956,434.9403439209778,439.65940732699204,4382690
2018-02-12,433.6818542480469,440.68176801302224,431.7155782458428,438.40091665333665,6291972
2018-02-14,431.6959533691406,439.384112756315,428.72685701128046,434.94030920179415,8345712
2018-02-15,438.2632141113281,444.2603555784437,433.7604615231773,433.7604615231773,7986736
2018-02-16,443.6115417480469,448.9598027969968,439.69862375645755,442.4120942018525,9889222
2018-02-19,445.0665283203125,446.73786275403137,440.56377593020557,443.7491331323372,6461840
2018-02-20,447.11151123046875,452.0468835322799,434.0554568932178,434.0554568932178,7188594
2018-02-21,451.2210388183594,452.99068726831433,448.31094065525394,451.2603547385122,13771358
2018-02-22,456.47100830078125,457.74908779850045,448.48790792849667,450.4935480056717,17859974
2018-02-23,454.4654235839844,458.5356056801011,450.96544237877873,457.5524675890203,9459828
2018-02-26,447.76031494140625,454.22939111711986,446.08898051377145,452.63668851946164,5083608
2018-02-27,452.322021484375,453.6787804562263,442.66763705576034,450.2574320967876,6616026
2018-02-28,461.1308898925781,467.7769102401129,449.31360372888645,451.29951304852364,17268416
2018-03-01,456.47100830078125,459.9513074859203,454.6227279213798,459.9513074859203,6579852
2018-03-05,454.5636901855469,460.423202200822,449.5890023603534,456.4709682832103,8101456
2018-03-06,452.7744140625,458.299669424117,449.72668593170414,457.1789015834276,6689734
2018-03-07,449.9232482910156,456.17601534366565,447.54408322075705,454.2097394154602,6370416
2018-03-08,454.85870361328125,458.4569988237264,451.85029128963725,451.85029128963725,6093014
2018-03-09,457.5131530761719,458.53560709308874,454.42610906162315,457.1002158747296,4220964
2018-03-12,466.3023681640625,468.70121535905776,460.7967951897451,462.4681298426629,7676970
2018-03-13,465.5356140136719,470.7265644447286,462.1339462820138,464.1198566190252,8581052
2018-03-14,464.3557434082031,468.2096154329259,459.7546289234109,464.04112005709845,4429710
2018-03-15,465.0243225097656,467.34453803275966,460.8951424790235,464.04118440720794,6101500
2018-03-16,460.8558044433594,464.9849842759775,459.8136685036934,464.8276725861583,17954826
2018-03-19,450.9653625488281,464.2377244289441,449.35302596582954,457.7490141764429,7526620
2018-03-20,457.9653015136719,460.10852286699554,451.692853104199,451.692853104199,8553766
2018-03-21,459.12542724609375,462.2714687175873,457.041155569316,460.1085652059355,7692994
2018-03-22,456.6873474121094,463.0383813845736,454.3278158791195,457.9457450277872,6813168
2018-03-23,459.16485595703125,461.60306749925354,449.23516012340735,451.0638067788753,12008084
2018-03-26,454.30804443359375,458.8894768587453,449.8839236806157,458.8894768587453,8930722
2018-03-27,453.81646728515625,456.6872492350599,452.28276251746496,456.1759983109023,3802088
2018-03-28,445.08624267578125,452.53840931485536,442.90365717215366,452.53840931485536,12558322
2018-04-02,447.1901550292969,452.0665290529873,440.9570697834533,448.70417793055964,8072702
2018-04-03,448.48785400390625,449.7069834743626,443.63116209748256,446.2266367028992,4077168
2018-04-04,442.0975341796875,450.100316945125,440.4458813266292,449.88400735505695,4813302
2018-04-05,451.2801208496094,452.754828166222,444.02453204899786,448.13407857416905,7763544
2018-04-06,443.19866943359375,450.67051922883627,441.27170909596765,449.4907534716927,5937742
2018-04-09,437.0048828125,442.72676572188215,435.15660239757113,442.412142329865,7202882
2018-04-10,437.85040283203125,442.2155264849485,434.70436084725617,437.29983588373744,8926058
2018-04-11,442.1170959472656,444.9681957432342,439.0693685791613,439.6592512955686,9025574
2018-04-12,457.19854736328125,461.1900977806743,442.4121594570527,444.1621261303218,17044366
2018-04-13,460.6787414550781,466.36130736281103,452.34175120210267,461.6815613225547,21227038
2018-04-16,445.63677978515625,448.3109343851575,433.3672365723189,433.3672365723189,24745084
2018-04-17,442.49066162109375,443.35585172667146,438.4794784195257,443.19854007067755,10397940
2018-04-18,442.7856750488281,446.2463400248944,438.0272967103261,441.5665935247998,10430380
2018-04-19,445.4991455078125,448.23229796165776,441.6649072924173,442.0188465747955,8525542
2018-04-20,463.4316711425781,469.42881423541496,447.1115768243664,447.9177693600758,24272692
2018-04-23,467.0692138671875,477.56915723008836,454.30810095401284,459.32210509784636,21830638
2018-04-24,454.0130615234375,470.4904615772576,452.28272929736005,466.0073433566682,8526216
2018-04-25,456.3136901855469,460.5018679277776,450.355863932919,453.0300186616565,11594178
2018-04-26,462.6451110839844,464.69006714894937,456.1760815433249,461.6816549412616,11302084
2018-04-27,466.08612060546875,468.6029639009661,461.76031269298034,464.0412124305733,7663370
2018-04-30,471.70965576171875,475.03264330526895,464.2968041612524,464.70969335633595,5511678
2018-05-02,470.7461853027344,472.5354677698659,464.43441975278176,471.4736978665038,10295042
2018-05-03,465.04400634765625,473.7545715675846,462.50748122996237,470.82483921207336,5332230
2018-05-04,461.32763671875,466.40063808300386,454.209727644072,466.0073829075544,6023368
2018-05-07,465.2209167480469,467.97370323768024,462.27150265201107,464.5327201256385,4638960
2018-05-08,458.35858154296875,463.2152732803609,456.5889332820321,463.2152732803609,5718556
2018-05-09,460.3838195800781,462.82203049659626,457.35577389891154,459.12542220720485,3783504
2018-05-10,459.3221130371094,465.2209415435791,457.2968389822636,462.46815490722656,3182862
2018-05-11,464.3360595703125,465.2995155714034,458.5552275542003,461.0130724598234,3311706
2018-05-14,467.6983642578125,468.5635063769496,460.1085207394301,465.7517224825862,4432094
2018-05-15,469.7630615234375,475.05232524749755,467.22653644751216,467.22653644751216,5611974
2018-05-16,467.9539489746094,471.11967215048725,465.8107275978732,466.8921792659983,6205004
2018-05-17,465.1814880371094,470.9033211931978,461.50456228987093,470.3331204747997,9519598
2018-05-18,465.299560546875,466.6170039474586,461.28837647509374,465.2209287042079,7139660
2018-05-21,463.8445129394531,467.344493854663,460.10858850289117,463.8641949015598,8475320
2018-05-22,469.4876403808594,471.1196588166137,461.6422195215089,462.0747905755602,5636804
2018-05-23,465.96807861328125,474.9146340779031,464.63100138244704,469.9399463834314,9538442
2018-05-24,480.16455078125,482.7403912834219,471.1196820933149,471.1196820933149,9740570
2018-05-25,483.0355224609375,491.0382585176517,480.0861075993868,483.7433532248301,8901438
2018-05-28,477.5691833496094,484.7264096699471,474.2658296614569,484.0972108733445,5739794
2018-05-29,478.4735107421875,482.34711228396446,474.344331762642,477.43142302260077,3388934
2018-05-30,476.50732421875,483.21234482804476,474.10847701120196,478.5915960575629,6323066
2018-05-31,484.411865234375,488.42304982327653,475.9371948861678,476.50739583098425,19720340
2018-06-01,480.0859680175781,490.09429366933267,478.67021089181645,483.861208341777,4998356
2018-06-04,487.40045166015625,488.8161606257753,476.62525074693457,480.20386307815437,4270156
2018-06-05,480.10552978515625,488.4228856268591,478.5915070916969,488.4228856268591,4710862
2018-06-06,486.63360595703125,488.24599060769725,479.7910041913432,481.8162299756202,4038184
2018-06-07,492.5325012207031,494.71508698283736,486.8499822613296,486.8499822613296,6676226
2018-06-08,495.5212097167969,496.288038117363,490.0156371861763,490.7824655867425,6459878
2018-06-11,496.4454040527344,499.4341341522152,493.55498775918903,497.68416760847896,5171290
2018-06-12,494.9117736816406,499.9257785401554,491.74604945140527,497.76287448354117,7839820
2018-06-13,501.3216552734375,504.9395832411678,498.1756142563586,498.1756142563586,5766928
2018-06-14,499.46844482421875,504.8269629866098,497.2122447700703,504.8269629866098,7598848
2018-06-15,516.208740234375,520.33841015625,497.5748637576219,498.3806530106707,19957760
2018-06-18,510.6285400390625,520.2375647974807,508.5939029784994,517.3165794385017,8214846
2018-06-19,500.2339172363281,509.01703904340593,498.8036709389048,508.85587136978205,7545700
2018-06-20,500.8584289550781,504.56503958124176,498.7835119406788,503.0139052164277,5371802
2018-06-21,502.2283020019531,506.2370837486234,497.97774414110506,501.9865258877754,5798790
2018-06-22,502.751953125,505.83410626109145,500.07269453790184,500.79792439867515,4343118
2018-06-25,512.6631469726562,515.2215666928494,505.2297622485229,506.4988899086456,7731178
2018-06-26,514.8388061523438,517.2763379247311,510.1652390700092,511.2731991153735,4483504
2018-06-27,511.6760559082031,521.1239130159707,509.9033101301816,517.2964149599645,6952142
2018-06-28,519.5729370117188,522.9572619484509,514.1943032062484,514.2144676115797,10996818
2018-06-29,526.6637573242188,529.806354613524,517.0144521352127,522.9773113882401,9966600
2018-07-02,537.743408203125,539.8787692765832,529.4035095742017,529.4035095742017,4830144
2018-07-03,545.4185791015625,547.0906015718523,536.5548976683331,536.6153416962175,8127452
2018-07-04,541.9737548828125,544.9753489326063,539.4153842043668,544.7336220273494,5025722
2018-07-05,517.316650390625,542.7997330520012,510.91061661257834,542.7392890275778,17019902
2018-07-06,517.4174194335938,524.5083549599866,511.2732764346743,519.8347871708735,11215356
2018-07-09,523.2996215820312,524.9716439450877,515.3223383126212,522.5542764365148,6644998
2018-07-10,524.3269653320312,529.9876041224585,521.4664239281058,527.1875067359567,5974488
2018-07-11,532.0021362304688,540.7248138507006,520.2779136181434,530.8337812766399,11899832
2018-07-12,521.4866333007812,534.6814318967863,517.497966789664,534.2785372831679,13272240
2018-07-13,530.7733154296875,536.4943986411349,523.0981542119712,529.8063586270787,19496158
2018-07-16,536.998046875,557.7672827560634,518.8073462178975,530.773345103922,35344680
2018-07-17,535.0035400390625,543.7060501608865,528.8795150041118,535.7287205267016,11161690
2018-07-18,532.8482666015625,541.248609075933,529.4034981397097,539.7981983693784,6919016
2018-07-19,530.4912719726562,536.6152990762868,527.4292830115745,533.0295274904356,5118864
2018-07-20,543.1421508789062,550.8173119813748,532.3446060927276,534.2381908674092,11705738
2018-07-23,546.304931640625,551.159831407114,538.3679274252603,544.7739616178214,7675702
2018-07-24,554.8463134765625,556.9615101465777,546.3250827696359,553.7383533160784,6172246
2018-07-25,557.50537109375,561.5544812664215,550.132380659815,555.5916218524164,6936922
2018-07-26,553.2749633789062,560.1846150298348,551.6432207121932,555.410324253683,7362218
2018-07-27,553.35546875,559.6204983209943,551.2806012799397,553.2547451181928,6493232
2018-07-30,544.3106689453125,553.1743511931267,543.1019850024287,551.9656672502429,6409970
2018-07-31,549.9913940429688,551.9655873669252,538.0858884374757,543.3235180986217,7943996
2018-08-01,545.5392456054688,551.3408862968158,544.3103978696003,549.4674664635211,4675706
2018-08-02,545.3781127929688,550.6560205489155,543.9679821385541,547.775315232892,5940742
2018-08-03,549.5885009765625,550.434569780183,546.3250646303298,550.434569780183,3970390
2018-08-06,548.1986083984375,553.9801367162355,542.9005339819108,550.374249317109,6178930
2018-08-07,551.1395263671875,555.9742604967078,548.1984259472713,553.5770578300708,7351528
2018-08-08,549.0445556640625,552.9727775813067,545.2372217860884,552.6907710649621,3992358
2018-08-09,555.9743041992188,559.8018023526172,553.4360980905795,553.4360980905795,6409524
2018-08-10,558.1902465820312,559.6205419377554,553.1943934001849,558.3312990227237,4779520
2018-08-13,567.5776977539062,568.0208719229582,555.4706968444052,560.0234249355314,9979746
2018-08-14,567.396484375,573.9435216194893,565.6640179238703,569.6727995179082,6151320
2018-08-16,575.9580078125,578.1134841337719,568.5850167972092,570.075707177517,6626774
2018-08-17,576.2802124023438,579.2213623034343,573.318947282539,576.5018240784468,6390408
2018-08-20,557.7068481445312,567.2554304593195,553.375731209329,559.2177028893692,16101876
2018-08-21,557.5858764648438,562.4407753226998,553.4763718478215,560.0234080935192,8361482
2018-08-23,563.0048828125,564.6567407157248,558.1499835640132,561.2321368655046,7717182
2018-08-24,555.3096313476562,564.8179338058787,554.4232337435237,562.6422931903314,7053000
2018-08-27,570.2570190429688,572.0901599395489,556.5586028263325,557.2032243414099,7012950
2018-08-28,574.0038452148438,579.5235300539373,568.6856568320393,570.9821360924632,6496890
2018-08-29,568.1217041015625,577.5897278428147,566.1273953690795,577.5897278428147,5646496
2018-08-30,570.5792846679688,572.7348100166887,562.5012778458025,569.2094824407956,11507962
2018-08-31,580.611328125,585.9295657117973,572.5534370978501,574.16501530328,10875864
2018-09-03,577.8515014648438,591.4089127473919,576.1391996477089,583.7941960066645,10976328
2018-09-04,593.9874267578125,603.1331129394196,576.9449684230119,581.7797027952718,15370124
2018-09-05,588.1453857421875,599.5472700980696,584.5193353965055,597.8551329426668,8658978
2018-09-06,585.9295654296875,592.6578847615327,583.471869322419,590.2807970733752,5598659
2018-09-07,590.4822998046875,592.3759338818768,583.2301972026557,591.7312631942992,6510605
2018-09-10,588.910888671875,601.9244010854629,587.7425339319365,594.470852611513,5629871
2018-09-11,591.69091796875,600.1114237815681,589.8376129011183,592.9802100194881,6963561
2018-09-12,598.620849609375,601.5216712179442,593.262331459091,599.8295334765243,4636617
2018-09-14,591.20751953125,600.3129272492063,587.460580245631,597.8150005131052,7896514
2018-09-17,584.9627075195312,596.2840364840489,583.8748625386839,592.2550902915891,5427054
2018-09-18,579.4429321289062,588.2260531429414,577.7507946623138,588.2260531429414,7729732
2018-09-19,579.9668579101562,585.8088304281814,574.6889477474082,585.8088304281814,4849498
2018-09-21,568.3231201171875,578.0731990694799,557.6061334578325,575.2126080280965,14350769
2018-09-24,578.7581787109375,588.1859235850582,569.2901542071386,569.2901542071386,8637881
2018-09-25,585.1641235351562,593.060847813774,577.7508531011902,578.7580895954392,9602273
2018-09-26,578.4357299804688,589.7167782428395,573.7218830577079,589.1930447966812,6599606
2018-09-27,584.035888671875,588.8706229310486,578.1133588769715,581.7796891872194,14592616
2018-09-28,588.2662963867188,591.8923471750257,576.3003484578901,580.9739151931935,7490031
2018-10-01,601.642578125,608.2903396025763,590.643534916784,594.2695866318256,8252398
2018-10-03,587.017333984375,605.9130973991623,585.2445882046844,599.3458968453524,7792464
2018-10-04,569.8541870117188,588.024725387112,566.066967570327,587.0174887900117,6173037
2018-10-05,583.8749389648438,589.4349051107974,571.5463718384666,574.5278022474348,8543578
2018-10-08,575.696044921875,587.1785398479993,571.5059316739437,584.2373898960903,7259306
2018-10-09,578.3551635742188,582.1021028018317,566.1877670573652,577.8313809530799,6777212
2018-10-10,564.4149780273438,580.0875856669284,560.3457529584114,580.0875856669284,8866251
2018-10-11,542.5780639648438,558.3312800162022,534.4798934483389,551.9655265339553,10985897
2018-10-12,546.9696655273438,551.2000585675015,533.0295230598791,545.0358010750087,8909221
2018-10-15,563.0855102539062,568.0814133709093,549.1453662585457,554.8664501816072,6222176
2018-10-16,560.224853515625,575.2528394134042,555.5110071068485,572.1102423532452,11588963
2018-10-17,568.3633422851562,581.6185832892453,565.1401857701907,572.1102814063898,20360697
2018-10-19,550.797119140625,554.1411635155058,546.3249995557751,553.5771013197899,10421001
2018-10-22,547.8963623046875,560.0637592396047,542.9407391793748,554.9470176236057,6672840
2018-10-23,529.8870849609375,549.5483658151878,526.4222004086629,544.6733498257042,9041701
2018-10-24,523.6018676757812,537.0585585746364,521.4665555789305,534.2382960764951,7058164
2018-10-25,528.4485473632812,534.63921566137,518.2664944275725,523.7648030128553,8270469
2018-10-26,516.1077880859375,528.4077356882434,513.0939407233702,525.6381978924801,5464141
2018-10-29,525.190185546875,529.9146472221893,514.3972115903088,516.189262492544,7137446
2018-10-30,537.2864379882812,540.7076170085178,519.2438737585728,522.217002768922,8793411
2018-10-31,559.1167602539062,564.4521446132433,540.0966606574056,540.7890699009641,11947995
2018-11-01,543.06982421875,561.8047960626571,537.2863900367108,561.8047960626571,5860244
2018-11-02,539.445068359375,550.4824018304912,537.6937356798456,542.458965434426,6654067
2018-11-05,542.4996948242188,544.6175416138907,535.1686178671348,540.4632845583621,5799426
2018-11-06,542.8661499023438,549.8306616734668,538.1416889750756,544.0472775634202,6975525
2018-11-07,550.238037109375,551.8671652725411,547.3870628238342,548.2016269054172,758956
2018-11-09,537.205078125,553.0890796768385,533.9468213964177,553.0890796768385,9694143
2018-11-12,541.0333862304688,550.9710763766799,539.4856948366595,542.4995913989502,7118080
2018-11-13,542.25537109375,543.925217677842,534.5984481052125,540.4633199988741,4137808
2018-11-14,532.0733032226562,542.2553549158445,521.7283287589671,542.2553549158445,7323026
2018-11-15,534.6798095703125,542.4996037922134,526.7785291212223,532.7248361563177,5513390
2018-11-16,530.158935546875,539.6486256047015,524.7421150219718,537.530779187257,8583785
2018-11-19,530.8514404296875,539.2414408192666,528.8557484167807,536.7977484892699,6018930
2018-11-20,522.4614868164062,534.3541040003244,521.402513604959,530.8514879571472,5384830
2018-11-21,504.2966003417969,521.3617277036998,498.59465180101137,521.3210094432462,14359086
2018-11-22,505.6405944824219,511.6683878676994,502.3823385373076,506.86244046183975,6632975
2018-11-26,506.2109375,511.54632312420637,488.6163207597632,505.8443736626308,15075209
2018-11-27,520.4249267578125,522.1354911634204,509.3468272242785,509.50974995744065,12285851
2018-11-28,542.8255004882812,544.6989878518702,521.3209897733144,522.094835560918,17719890
2018-11-29,538.4676513671875,549.7493953024821,536.6348819277368,546.5725750539465,13399070
2018-11-30,543.6808471679688,547.3871040750671,538.3861802386713,538.4268985024097,10445773
2018-12-03,546.0430908203125,553.08909102729,542.4590381755517,548.3239103507686,8260890
2018-12-04,558.179931640625,560.6236234245315,546.8167549020528,547.8349598120138,7827923
2018-12-05,555.0438842773438,556.876653128061,547.7942453810255,556.3471666843723,5177288
2018-12-06,544.5360717773438,558.3429424786075,541.318533810718,550.7267387200067,8039771
2018-12-07,556.184326171875,558.5873000747744,542.1738144985557,547.3870443313865,5553948
2018-12-10,545.1063232421875,556.998939598886,541.8480667371141,545.6765280739851,5121196
2018-12-11,549.4235229492188,555.4513175874463,538.1010612996199,545.1063428679722,7120933
2018-12-12,552.6817016601562,554.4330342346219,546.2466258512825,551.5412921162655,6926183
2018-12-13,568.3619995117188,570.19476841018,553.9034893127463,555.5326172224896,7521474
2018-12-14,575.123046875,581.3544829287513,565.6334037189924,568.1178146003055,9560576
2018-12-17,565.63330078125,579.8474037950681,564.2892502010627,579.8474037950681,4778465
2018-12-18,551.134033203125,559.1982374316376,549.464186792951,559.1982374316376,8021298
2018-12-19,541.5629272460938,547.0205167123889,538.5083118414935,547.0205167123889,8295459
2018-12-20,543.3549194335938,547.0204575224874,534.6798424534375,537.6122530377354,11705260
2018-12-21,526.3712768554688,537.2049683201853,524.1312258124353,537.2049683201853,12802132
2018-12-24,528.6519775390625,536.6346939128862,527.5115681783582,535.1684888184346,8379825
2018-12-26,524.6199951171875,527.0229691393621,519.1624057406502,527.0229691393621,6178552
2018-12-27,535.0057373046875,540.2596861484484,528.6521467174414,531.7067623571801,15333902
2018-12-28,535.1278686523438,540.4632532968692,532.1546899493487,540.3410488011674,4736598
2018-12-31,536.757080078125,539.24149090095,534.1911830065035,537.6123625296481,3373319
2019-01-01,541.7257690429688,542.7439740256513,532.8470514242018,538.3860765865863,2943390
2019-01-02,544.9840698242188,549.0161718307766,539.2821214520891,542.4996594054854,7416655
2019-01-03,545.0655517578125,551.4598596378444,540.1373995014463,547.3870394041824,6827249
2019-01-04,538.4676513671875,548.9348311071707,530.2812911477185,547.18349820043,7889310
2019-01-07,547.1426391601562,548.6902809028246,538.8340765622733,541.6850505123382,8046340
2019-01-08,545.7986450195312,551.8264390227971,544.576798914846,549.7900288483215,8621545
2019-01-09,550.726806640625,561.8863455345247,540.8706002281077,558.9539344562528,18130292
2019-01-10,553.6592407226562,555.532728249884,547.8350873945076,555.2068827159974,9572493
2019-01-11,556.754638671875,558.3837670952016,547.7944323435786,554.0665867167969,12281903
2019-01-14,571.7424926757812,578.5033639464326,566.8958269222942,575.8967491976039,19312937
2019-01-15,591.8622436523438,594.6317814252524,576.0597302501743,576.0597302501743,19671304
2019-01-16,600.1708374023438,600.9854015274058,593.409965107738,594.5503747696445,9658944
2019-01-17,597.3604125976562,601.9627184918844,593.8985160434066,599.3561040841013,6903771
2019-01-18,595.405517578125,599.681978232181,591.6177753977177,594.631671897317,5902151
2019-01-21,606.8502807617188,611.7376655732226,597.8900752739619,601.3112545854243,8129422
2019-01-22,607.13525390625,610.108432375403,597.8899724479918,603.7955614129072,6723375
2019-01-23,595.9758911132812,604.8953289449569,593.9801989659418,604.6916879037395,7212099
2019-01-24,599.5386962890625,602.8967482256882,590.5292350060301,596.3444127471191,7429783
2019-01-25,598.1871948242188,604.3710007806147,593.19105953809,596.2624664739103,5543112
2019-01-28,596.221435546875,600.0299495856431,588.8910020874954,598.7195028177457,7944693
2019-01-29,596.1805419921875,600.2347588811879,586.8434455422033,594.2148216899769,6760819
2019-01-30,594.5426025390625,601.8320462803938,590.61116098154,596.1806865245783,5763026
2019-01-31,613.9127197265625,615.3460427564046,594.6242969516134,594.6242969516134,13825233
2019-02-01,620.0556030273438,624.5193909674094,609.7766381314575,615.3870546312231,6276585
2019-02-04,619.11376953125,624.519425877129,613.6261790041616,620.0146955921136,3945391
2019-02-05,618.2537231445312,622.4308665917667,611.8242645904229,611.8242645904229,4694366
2019-02-06,625.1746826171875,628.1642055977976,617.8442474928149,618.8271077871492,5880482
2019-02-07,625.7479858398438,630.2117740091531,623.2908602409962,624.9698860688056,3961797
2019-02-08,623.208984375,632.5050896853397,618.2947331116629,622.4718266893599,5915169
2019-02-11,624.76513671875,629.6384459079119,621.6527875695677,628.1232384244684,5500216
2019-02-12,614.6500854492188,622.7585713414279,606.9101284686524,622.7585713414279,7310690
2019-02-14,606.1320190429688,616.7386228875118,603.8387114526137,615.1005388957788,4610535
2019-02-15,607.6881713867188,611.414802178888,600.0300993290477,607.9748160667501,5586389
2019-02-18,606.9509887695312,612.3566952928098,602.8148371809656,608.015733239308,5346825
2019-02-19,593.2320556640625,606.5414869315065,590.7749298916114,605.353866143418,9401334
2019-02-20,606.6642456054688,608.5480316677446,594.6652637467041,595.4433634218713,5210675
2019-02-21,600.7262573242188,604.4528877588086,595.5253115613539,604.4528877588086,7202786
2019-02-22,601.9548950195312,604.61678137414,596.262543432374,599.9482322310631,3750833
2019-02-25,618.2947387695312,620.8337486160164,602.4462483060341,602.4462483060341,6547552
2019-02-26,608.1384887695312,616.4107903041322,606.2137606867335,613.134623361266,8319610
2019-02-27,602.2005004882812,611.3328368128035,600.1528959303475,610.1861582642224,5936354
2019-02-28,601.4223022460938,608.0565699213226,599.7842188680626,605.0261056738974,8559921
2019-03-01,607.6471557617188,608.8757185109415,602.4052680355632,602.4052680355632,3998826
2019-03-05,599.9482421875,608.1386618760665,598.1053977575725,606.5005779383532,4826505
2019-03-06,599.9482421875,602.8967732792421,595.4435113587883,602.8967732792421,6076668
2019-03-07,592.1262817382812,601.5862045690379,590.1605614140758,601.1766836673571,5951551
2019-03-08,583.4443969726562,592.1262699090526,582.0520659270326,592.1262699090526,7193994
2019-03-11,582.54345703125,588.4815098445738,581.0282497577801,584.2224826562593,9932198
2019-03-12,579.0216674804688,585.5740025251808,577.9159309474641,580.7006933376064,11997387
2019-03-13,580.2501220703125,588.5633656134553,578.4891623593692,581.5196267503616,11348867
2019-03-14,580.168212890625,585.5329764311563,578.4073030941807,584.795818848236,6415187
2019-03-15,588.5225830078125,592.7816111446774,581.1921475593172,583.1578682349019,14638664
2019-03-18,581.68359375,592.7406599012969,577.7112103606929,590.9796997403197,8065544
2019-03-19,591.5530395507812,595.0339677862826,579.3902867711118,583.8130832408314,8917337
2019-03-20,605.23095703125,607.974727105565,595.5662736468282,595.6481578318978,13471173
2019-03-22,608.6299438476562,611.2918297075571,599.7843023728237,610.1861432695822,8883260
2019-03-25,602.2005004882812,608.0566695201097,598.3509939212969,608.0566695201097,7644966
2019-03-26,596.0578002929688,602.2006151362491,588.9730671775767,602.2006151362491,9406261
2019-03-27,597.6547241210938,599.7842124937679,595.5661778343677,597.9004266271197,7387487
2019-03-28,604.2890625,610.1861737748193,597.9005461149236,597.9005461149236,9277241
2019-04-01,618.45849609375,622.4718212532326,607.7290675919719,607.7290675919719,6584982
2019-04-02,621.9804077148438,627.2222456181854,618.0489667994027,621.6527709751077,7283600
2019-04-03,616.9842529296875,621.2432808053951,611.6604805826406,619.1956760565308,6897127
2019-04-04,612.5614013671875,617.393718144058,610.2680442632128,615.42804775681,7688525
2019-04-05,621.8984375,623.2498764851698,612.6432750277303,615.0185162773181,6276040
2019-04-08,628.409912109375,630.6622773857528,618.7042853691245,624.969926052837,4919911
2019-04-09,622.9632568359375,633.1193965174813,620.9975862458765,630.6622707871418,6730692
2019-04-10,616.4927978515625,627.9593835164342,615.3461192889368,625.7479605687112,7031088
2019-04-11,608.3023681640625,615.7146866181305,606.1318873504478,615.7146866181305,8200995
2019-04-12,612.4384765625,615.5508252550869,606.5823079773671,608.6299123791141,7043212
2019-04-15,595.85302734375,599.0063189012487,583.6492821140388,593.5597198482641,31574803
2019-04-16,593.0682373046875,596.1806366088639,584.8778180628586,596.1806366088639,12524411
2019-04-18,587.2938842773438,591.7576718694446,583.7720147058085,591.7576718694446,13801105
2019-04-22,590.570068359375,594.4195747422713,585.614875564208,587.2939012233514,6455426
2019-04-23,596.42626953125,597.900534824529,588.399669609757,592.9043996666542,5516668
2019-04-24,603.183349609375,604.37097022926,592.9862690998515,596.426254692146,8285120
2019-04-25,596.712890625,604.1662009646459,595.4843279306967,603.1833408111345,8005235
2019-04-26,604.4529418945312,605.9272073644963,597.081564554354,598.7196484077267,6895168
2019-04-30,615.3871459960938,617.3938087614246,604.4529560155313,604.4529560155313,9920046
2019-05-02,598.5557861328125,612.9709529796536,597.4910417042673,611.8242743702367,6351352
2019-05-03,592.6585693359375,598.7194980676418,588.2357740366182,592.0852801234931,6348116
2019-05-06,588.3997802734375,591.1844930199576,582.0522049085307,585.615017536562,8858265
2019-05-07,593.4366455078125,596.1804651589671,588.6452716253892,590.0376524941488,5747536
2019-05-08,589.177734375,594.6243826696974,586.8434851003282,590.529173422661,6247642
2019-05-09,590.570068359375,598.1462048614294,586.270098993344,589.0139189639698,7396525
2019-05-10,587.130126953125,594.6243798356219,585.6149195350821,590.3653522409337,8352335
2019-05-13,589.4644775390625,594.9930104776504,583.2397289769601,586.8844755049142,6808993
2019-05-14,584.6729736328125,587.8672566746224,576.2777951153414,586.8434544163941,10513001
2019-05-15,586.515869140625,593.969180228459,583.6492225661541,585.5330588787999,6668929
2019-05-16,600.4397583007812,603.6340425655914,588.9731686183956,589.7103265226945,6468556
2019-05-17,592.9044189453125,602.650987027489,589.7920199034324,600.4805561055279,8155948
2019-05-20,591.6759033203125,594.9520710020631,578.2435958289941,589.4644801370605,11213708
2019-05-21,580.9463500976562,591.8805883355938,579.6359031881788,591.8805883355938,8645535
2019-05-22,581.3150024414062,588.2768587580698,579.0626371624857,581.5197629213081,5795713
2019-05-23,574.1892700195312,587.0072947689334,571.2407394015006,585.6149136475065,7233736
2019-05-24,580.864501953125,582.953048715469,573.6978856183721,576.4416558761096,7016424
2019-05-27,579.9635620117188,584.6321109413592,577.8340730215291,579.3902726615264,10247544
2019-05-28,596.3443603515625,600.7262643120674,581.3559042593108,583.1578063556703,23860490
2019-05-29,596.0986328125,600.8900575036598,592.6996392182714,594.2148466049299,10293077
2019-05-30,600.8081665039062,603.8386314853548,591.7987057425107,595.4434521395088,15089296
2019-05-31,604.2481689453125,608.5071968742748,600.5215382538521,603.2243665580788,8290306
2019-06-03,609.8995971679688,615.0186092640191,597.0815708833176,597.7367944335415,7744761
2019-06-04,602.241455078125,605.6404987109646,600.4805451159699,603.8385966645237,11733702
2019-06-06,602.487060546875,609.8994279982462,600.8899692081795,603.2242180803795,7563925
2019-06-07,605.3538208007812,609.3262038295796,602.691934746675,602.691934746675,3218358
2019-06-10,617.1480102539062,617.6394153488794,606.1728298896163,606.1728298896163,4435148
2019-06-11,618.2947387695312,621.652790500734,614.6909344806336,618.3766229618633,5733127
2019-06-12,617.3937377929688,619.9737396218774,610.1861794963166,619.9737396218774,8738342
2019-06-13,616.8538818359375,620.6331554374073,614.6527402577572,614.6527402577572,4808577
2019-06-14,615.0265502929688,619.2211299676636,613.19919409608,617.8506001458661,5556353
2019-06-17,615.1094360351562,618.3903621320428,612.8252540393697,617.1444446797956,3085588
2019-06-18,623.0834350585938,624.9938319765372,614.8188378672859,614.8188378672859,6202838
2019-06-19,624.5370483398438,627.4441897126518,621.7959887739784,625.0353951537162,4596253
2019-06-20,627.02880859375,628.6900320361004,611.2471858914216,612.8253177437448,7148684
2019-06-21,623.125,627.1119266126701,620.591644078154,627.1119266126701,13200318
2019-06-24,619.2211303710938,624.5370664570473,616.8539068917453,624.5370664570473,4758178
2019-06-25,621.3806762695312,623.7064299003147,612.4100788393664,617.9751881189896,3677911
2019-06-26,613.9882202148438,624.1632142265122,612.9914759682746,617.1445347485475,5447130
2019-06-27,606.8034057617188,618.5565823403731,604.8099679732611,616.313920468905,11122346
2019-06-28,608.0078735351562,614.2374624033442,605.1007320633352,610.9150150069773,5919494
2019-07-01,607.4263305664062,612.5761332838242,606.2219334531892,610.4996040184552,3224968
2019-07-02,614.6527709960938,616.0233008316542,606.4296933757796,609.6690998799093,4837606
2019-07-03,607.4263305664062,617.3106301481683,606.3465454877174,615.4832742553406,5958379
2019-07-04,609.5029296875,611.662550788909,605.1837381812029,605.5160031803492,3274064
2019-07-05,596.3792724609375,611.6625498611075,592.6415193605555,610.4996730623802,4926289
2019-07-08,596.0469360351562,602.1519624520982,591.644704161551,595.0917629974342,7177092
2019-07-09,594.3026733398438,597.9158139683353,588.945217717603,596.3792025967964,5022638
2019-07-10,595.7562255859375,600.2830693668483,586.8271500543253,588.9036792477235,7573816
2019-07-11,599.2863159179688,600.9475392469167,589.4020168321234,597.5835721450997,6252688
2019-07-12,603.6471557617188,606.8449910726279,597.7082608168605,600.1170554356268,7874441
2019-07-15,647.3373413085938,649.2477891688878,626.4474831733323,633.7568574979618,31064152
2019-07-16,651.90576171875,654.356077084395,644.5548663183446,645.3854782594765,9924322
2019-07-17,659.6304321289062,660.3364319347548,645.1777654154979,651.1166605222003,6754348
2019-07-18,658.4259643554688,663.2435025124355,653.0269878165446,655.3942110973113,6534471
2019-07-19,652.3624877929688,659.9210344285209,648.9154287568055,655.103496424734,6812754
2019-07-22,651.5319213867188,657.8445508383775,649.5799532232627,652.8193595476663,7107151
2019-07-23,656.224853515625,667.8118984603041,652.4871003526009,653.6914976222131,10782564
2019-07-24,653.1100463867188,659.2981144188359,650.8673843936434,654.5220965821011,5745146
2019-07-25,659.921142578125,664.6556404615401,654.2314714449542,654.7298182973027,9773568
2019-07-26,653.6914672851562,660.3363614888174,649.7045409022636,658.0936995557778,4941763
2019-07-29,657.3876953125,661.9560600461567,653.0269835212823,655.7679922221724,6244316
2019-07-30,658.4259643554688,662.6620641304783,654.9789052097018,657.7614850745973,8673253
2019-07-31,659.2150268554688,664.3232586317847,649.2061148445271,656.8892734293389,7350584
2019-08-01,638.6158447265625,654.8543455307068,634.9196628746307,653.2346424255967,10066407
2019-08-02,644.222412109375,647.7940829647666,633.1337662296781,635.4594688426785,10838336
2019-08-05,645.1361083984375,652.7777460695853,638.4496944473759,641.7305700587284,9976238
2019-08-06,643.2673950195312,650.9505550816942,639.4050294123737,646.8805364998835,9331718
2019-08-07,644.6378173828125,650.7428447171175,641.5230230377148,646.9635710510368,5130457
2019-08-08,655.1451416015625,658.4675892293359,648.9155522994874,650.1199497038607,8009009
2019-08-09,656.0586547851562,661.7898960018398,651.8640756871715,657.8444902835985,4362520
2019-08-13,635.21044921875,652.8609520574535,631.389654765218,651.3243403242242,7517099
2019-08-14,643.5580444335938,646.4236654250881,637.9098940526408,643.8072178466534,5940968
2019-08-16,643.350341796875,647.9187065708069,633.3414800223826,647.877186121257,5128088
2019-08-19,645.9252319335938,650.3689844092521,642.353560938373,644.2224373303536,3881451
2019-08-20,658.4674682617188,662.8281799720612,651.0750033693879,652.1963596556726,8435344
2019-08-21,664.0325927734375,667.6042132618487,658.6751366925611,658.6751366925611,5926896
2019-08-22,660.9179077148438,665.5693141377823,658.1353273951073,664.4064878803115,5222488
2019-08-23,666.3168334960938,672.7540753073816,661.0008973991304,661.5408153780414,6895015
2019-08-26,666.6075439453125,670.1376443812475,653.608498640314,661.0840054458234,5412074
2019-08-27,651.739501953125,660.2947924717554,648.7907898099255,657.0138660607204,16061642
2019-08-28,666.56591796875,668.6424473082166,653.1099977097036,654.0237010369791,5881134
2019-08-29,670.26220703125,672.5463894978872,660.7516917126746,660.7516917126746,7830413
2019-08-30,676.8656616210938,678.9006202309955,666.150747768648,672.7956430082355,8174186
2019-09-03,676.3257446289062,683.0952519431029,674.4983882959458,676.9487035585614,5647088
2019-09-04,682.1813354492188,683.1365591217439,673.0030868904167,673.4183927138604,6199015
2019-09-05,692.771728515625,695.6373492278674,686.6252319075228,689.4908019232466,7926895
2019-09-06,697.8385009765625,703.5281713398414,693.6023505187062,700.4548976421462,6106841
2019-09-09,688.6602783203125,697.9631413655492,687.372840066386,695.0559998324455,4377870
2019-09-11,681.1847534179688,688.2034336435265,676.2426535002521,683.0121096152328,7981036
2019-09-12,678.111572265625,680.9771427499949,673.5016356849738,678.111572265625,4400017
2019-09-13,688.826416015625,690.2799867931134,679.0252060552941,679.5235529003942,4832021
2019-09-16,687.4974975585938,696.0112697538913,681.5586020413115,691.1106391384745,4846496
2019-09-17,690.4461059570312,693.5609004199953,681.5585489500689,690.6537589212288,5540901
2019-09-18,689.283203125,691.85813020201,684.4241442243464,689.3247742734939,3199389
2019-09-19,681.68310546875,686.9159496008917,677.114740628599,685.130113975679,6601607
2019-09-20,668.6425170898438,693.5608717639994,666.1506816224282,683.510488990699,22462366
2019-09-23,634.878173828125,670.2207500813512,616.230977572765,670.2207500813512,17279260
2019-09-24,659.5472412109375,663.3680856282322,635.4179803323901,635.4179803323901,13717998
2019-09-25,658.3843994140625,665.3199869898447,649.2476705040897,654.2728612652716,9313576
2019-09-26,649.9951782226562,661.9975274736203,646.2989460039836,654.3143692187508,18442824
2019-09-27,649.7045288085938,659.7133903772483,647.9602136946899,653.7329755659696,5087642
2019-09-30,669.1824951171875,671.1344127965866,651.3243393311396,652.1133800760923,8178091
2019-10-01,659.132080078125,670.7606469775567,657.4708562353491,670.303820560099,5881438
2019-10-03,652.5286254882812,662.7036202828897,651.3242789065454,658.3013877763635,5497672
2019-10-04,659.048828125,662.4958360770474,653.732893251766,656.1832077745303,8201713
2019-10-07,655.8094482421875,666.1505738989997,652.9438277787556,660.2116800500975,3679845
2019-10-09,650.9088745117188,661.0838677668144,646.8803773764865,660.7100823650793,6335025
2019-10-10,650.4105834960938,660.0872315964925,645.0531270520215,652.3625517149693,10402917
2019-10-11,676.782470703125,684.2579767507218,645.053090450688,649.1231084663209,20636344
2019-10-14,652.9439086914062,661.9975974928145,647.8771970444108,653.4838266342182,15150858
2019-10-15,638.1591186523438,644.5133200259127,635.4181094957851,642.1460456706589,13762133
2019-10-16,640.7755126953125,644.5132659670761,632.5524352188232,635.6257091593558,10767032
2019-10-17,639.1558227539062,640.0279550628036,635.5011103114015,637.0792931153295,9860495
2019-10-18,637.7852172851562,642.7273673782327,631.2649352718113,634.4212498088667,10037200
2019-10-22,534.5402221679688,574.0358037405917,530.2210306006513,574.0358037405917,90152532
2019-10-23,547.1982421875,552.286739279614,517.3403597303704,529.8722802251152,60516887
2019-10-24,534.3720703125,549.3851519067364,531.5545154873773,546.6937263715115,25666433
2019-10-25,536.1383056640625,548.7963569638819,534.918747937209,544.1704872883242,16549337
2019-10-27,545.7263793945312,548.7962949114259,542.9508681699579,547.6187804114672,2945281
2019-10-29,547.240478515625,549.8477667034075,544.1705622288408,547.5348315471026,16709764
2019-10-30,555.6090087890625,564.6925762217521,551.9083436634032,555.4408364055968,22879467
2019-10-31,576.6355590820312,584.9201004709493,560.2347513187437,562.1692466354746,27405901
2019-11-01,578.570068359375,583.7005570444895,574.1123717407302,580.3362887041756,9713519
2019-11-04,596.3165893554688,616.0816667177445,570.3696891818358,573.4395533756042,29381982
2019-11-05,585.466796875,596.1063163892159,581.5979086887376,596.1063163892159,12897805
2019-11-06,599.0921630859375,606.8299916806073,582.0185089992797,585.2145541285847,21372589
2019-11-07,605.6524047851562,609.2269399991624,598.9238679117328,603.0451172805697,13733737
2019-11-08,595.6016845703125,609.1428442821399,593.3728362320327,607.250443316127,8585630
2019-11-11,592.4478149414062,594.8027930679144,587.0649637939534,587.8219448828579,6951494
2019-11-13,581.4717407226562,588.7469919426704,578.4439195836737,585.8032569829571,9973690
2019-11-14,593.2045288085938,596.9893302063534,585.6769690950076,585.6769690950076,10539902
2019-11-15,592.02734375,599.6389932005042,590.6816051538444,596.3588099154708,7362623
2019-11-18,593.1206665039062,597.1577792516305,588.1583489311852,592.9524427780274,7490916
2019-11-19,599.5547485351562,600.5219963741083,592.9523913777961,597.0736412985449,6495885
2019-11-20,599.6808471679688,601.3629813816236,592.9523103133492,599.5126234796708,6142171
2019-11-21,599.89111328125,606.7878738165402,597.5781787400324,601.783514269519,9692973
2019-11-22,583.02783203125,598.8398861745424,576.2151564579559,598.6296193605766,14415826
2019-11-25,587.1488647460938,593.0784282908622,583.0276671585885,583.1537964104974,7334511
2019-11-26,580.8409423828125,594.8447307020281,576.9720540991038,592.9523296499538,27253106
2019-11-27,585.17236328125,586.7704111097358,580.4203142133755,583.9107627854945,3861635
2019-11-28,590.302978515625,591.5645792829888,583.742664792267,587.9900437754582,4837683
2019-11-29,585.677001953125,590.6813610156299,581.6398905026191,589.5038979821717,4262379
2019-12-02,582.607177734375,592.1112254902263,580.5885962045213,591.354244582866,9383736
2019-12-03,587.3591918945312,588.4946632864052,579.1167445373522,582.607193554897,5239013
2019-12-04,596.1904296875,597.578211021063,583.153888841861,586.2238044780871,7427886
2019-12-05,601.2368774414062,602.1200390839109,591.9430949929077,594.1719436440509,4814422
2019-12-06,601.447021484375,605.5682705259846,596.8211527511904,602.1619592712076,5226096
2019-12-09,603.2554321289062,607.5448541936557,600.7322306003085,602.2040981586572,6435865
2019-12-10,600.9845581054688,604.3067838157878,597.1577126085028,599.680914211074,4457939
2019-12-11,606.451416015625,607.839197250365,599.6808361964681,602.7086571917863,6043554
2019-12-12,590.51318359375,606.157062274868,588.3684727803156,604.3067044091881,11112042
2019-12-13,598.2511596679688,599.5968981475245,589.0414624745792,589.0414624745792,10302412
2019-12-16,600.5219116210938,605.736537927313,597.3258668962052,599.092087278873,5616324
2019-12-17,613.7266845703125,615.0303283326663,601.3629877030515,605.3160134136265,10525565
2019-12-18,616.0396118164062,620.1187667450507,607.8812506244552,614.8200542462494,12215295
2019-12-19,614.6939697265625,618.9834434367554,609.4372994944661,616.9228184388395,7199210
2019-12-20,615.28271484375,618.1844070211915,612.5072032832418,614.8201381394435,7794167
2019-12-23,619.025390625,620.1187675969433,615.3667692441655,615.7873027975793,4975608
2019-12-24,616.8387451171875,619.8245236043721,612.5492713175097,619.8245236043721,2890759
2019-12-26,613.0958251953125,617.805780055645,611.0772437782226,615.6610693841482,3821806
2019-12-27,619.8244018554688,620.2869784877477,613.0117276299252,613.7687085443172,3399094
2019-12-30,616.4180908203125,620.6654693580556,611.6660412277519,619.1094644406946,5368416
2019-12-31,614.9462890625,620.4973119154746,610.1521958705674,613.7267313848213,6927885
2020-01-01,619.7402954101562,622.3896774086668,616.1237170110657,618.1843417505002,2112415
2020-01-02,617.9320068359375,623.0624955971197,614.7359621321849,621.4644989125743,5658200
2020-01-03,627.4361572265625,629.1182916963388,617.2592642182839,617.2592642182839,7882938
2020-01-06,621.4224243164062,633.9963880928626,619.4459371079719,627.5201609681819,6519403
2020-01-07,612.2127685546875,624.576413976731,609.8577395841436,620.7075258131158,7899363
2020-01-08,604.054443359375,613.1379584021026,595.7278579583198,609.731646677913,8639443
2020-01-09,611.9183959960938,615.240621512479,600.7742562352731,606.9981736921635,13521186
2020-01-10,620.8338012695312,624.8288706436347,614.3996163752652,622.7682456468999,9341405
2020-01-13,650.6075439453125,653.9297697628099,635.0057571330179,639.2110932729718,36952038
2020-01-14,652.3738403320312,653.4672175023916,645.2668117226816,647.5797466861895,11414418
2020-01-15,645.5611572265625,650.8598706326255,641.0194248790817,650.8598706326255,6047430
2020-01-16,645.098388671875,649.724257169522,639.4211864247627,648.2103468372233,5740586
2020-01-17,645.8133544921875,650.0607844299849,641.1033992493434,648.2104265364883,3762957
2020-01-20,646.3179931640625,651.3223524429509,641.6921243294809,648.9673236048908,3887680
2020-01-21,641.3137817382812,648.042319776191,639.8419140424884,646.318142170911,4448374
2020-01-22,647.7899169921875,654.3502303716543,644.2574247618087,646.3180495074183,9733935
2020-01-23,659.69091796875,660.6581656069394,653.25678585816,653.5931818762608,12528017
2020-01-24,658.3453369140625,661.4993388475377,650.6495516625163,652.4578666382421,7540490
2020-01-27,654.4342651367188,660.0694247597655,651.3223580525623,655.2332891183237,3741610
2020-01-28,654.3502197265625,657.5462645174204,649.3038170037356,656.873421087976,5121009
2020-01-29,664.1907958984375,666.7980837544111,659.6069692687182,661.5834567077947,6832757
2020-01-30,656.6211547851562,664.1907593716351,654.3502631422793,664.1907593716351,3859680
2020-01-31,652.6261596679688,660.1957651124037,648.9674862356884,656.4950485834777,6092028
2020-02-03,645.4349365234375,665.242057181126,642.9958213109562,657.7144960957066,6416745
2020-02-04,662.6345825195312,664.3588108516562,647.7056440106809,647.7056440106809,5771311
2020-02-05,659.8592529296875,661.0788106207942,651.3224517612754,656.8734746753693,6310409
2020-02-06,648.7571411132812,661.7516391580695,647.6217209675293,659.6910143244213,7341622
2020-02-07,653.7615356445312,655.0651795602332,648.4628224594617,652.6261154386838,2853344
2020-02-10,650.3131103515625,654.3502222786368,647.4114185076872,650.985953783631,3827682
2020-02-11,650.6075439453125,655.2754567937272,646.9489220374206,655.191370604796,4312817
2020-02-12,656.9154663085938,658.7658242465668,651.9111066586198,652.4998639117927,2948825
2020-02-13,666.33544921875,667.8073167304354,657.8827346328608,660.2377123846245,4387430
2020-02-14,661.457275390625,672.1808816342858,659.9012703505496,668.2278557324347,5321680
2020-02-17,663.9805297851562,667.3447986787821,658.8079458273388,664.695416391184,2929629
2020-02-18,670.877197265625,672.0546604125798,659.102257788104,660.2376778467144,5083346
2020-02-19,673.2322387695312,676.9329035842115,669.6156601395177,672.8537482691964,3985192
2020-02-20,670.3305053710938,677.9841957517539,667.6811233668155,675.587174955246,4564569
2020-02-24,669.3633422851562,682.6101513124851,666.2514345655202,672.9378780544355,6627536
2020-02-25,671.5079956054688,677.9000850547504,668.984794296332,672.0126153334312,6996695
2020-02-26,658.3453369140625,674.073303489259,656.4529357539774,667.7652996223086,8760569
2020-02-27,654.2239990234375,656.6631140571616,649.4720008848509,654.3501796176391,5223386
2020-02-28,615.4087524414062,636.5195142344251,607.2924351165311,630.800268731524,14123957
2020-03-02,623.2727661132812,644.1733144136376,617.1329865312487,619.866454614692,9821523
2020-03-03,628.277099609375,638.3699044223771,623.4409639698116,635.0056361513764,7826587
2020-03-04,638.1597290039062,640.472663771301,627.0576318534781,634.080573675277,11013444
2020-03-05,634.6692504882812,650.6074832384764,632.2722296460365,642.3650354401867,7755293
2020-03-06,621.506591796875,625.7539707128719,613.2220494214494,623.2307692180619,9216022
2020-03-09,592.4896850585938,610.4884888671276,586.2237253599098,609.353068899935,10308654
2020-03-11,576.9720458984375,585.3406740322644,562.7159479085041,580.8830285510021,16165009
2020-03-12,530.8816528320312,563.5150515187185,527.7696937731281,561.832917036573,13965574
2020-03-13,540.2593994140625,560.9917227450248,479.4082188375774,497.9116939506067,16903113
2020-03-16,490.4683532714844,523.269973740947,487.8189710843147,523.1437931283513,19140152
2020-03-17,466.7501525878906,497.91167538338203,462.5868605757772,494.6314934745274,16059887
2020-03-18,449.38214111328125,486.1367836379627,444.0834286519798,477.72611264076613,15390183
2020-03-19,458.8441467285156,469.31544240392265,428.3134212261606,428.3134212261606,16583991
2020-03-20,492.1925964355469,519.3170169822621,460.90488246821496,462.1664834238761,21354894
2020-03-23,442.77978515625,471.7966001124309,433.90653751629225,454.1762340967452,17146150
2020-03-24,496.06146240234375,505.60760665651463,439.0371121284557,439.0371121284557,20027097
2020-03-25,509.85498046875,534.0777071563065,475.7917566264974,502.11715145246455,18339548
2020-03-26,540.8062744140625,547.4086321914688,514.817274285489,517.2563899916772,14843813
2020-03-27,548.964599609375,567.6363026653427,540.1754366557111,559.3517595234601,13495283
2020-03-30,527.0968627929688,558.0481277342011,522.3868553300534,525.7511243744193,14624804
2020-03-31,539.5444946289062,556.7863685804145,532.9841821240443,546.6935643161171,15175521
2020-04-01,506.9952697753906,536.1803102637381,499.5938890928006,533.5309281968041,13083824
2020-04-03,492.6130676269531,509.6867214617925,489.62728934406925,507.5840534689633,10221655
2020-04-07,537.4419555664062,541.8575584877266,515.4901215771391,517.2563422117995,15145605
2020-04-08,531.2179565429688,551.4456612406818,526.8023542952592,529.8722697251504,11806896
2020-04-09,535.12890625,549.0485555483924,531.6384574867653,544.0021532890604,11931114
2020-04-13,536.09619140625,548.1234406992095,526.5500489967274,529.0312072148263,8330276
2020-04-15,537.48388671875,549.4690921518867,534.5821951364273,547.8710955615969,11963447
2020-04-16,524.6998291015625,533.9936640916745,507.58412960644966,521.4196973415308,17783287
2020-04-17,528.821044921875,543.3294552994532,526.5081099341452,541.6473207629225,8878320
2020-04-20,549.468994140625,555.9452195214967,537.4417477673774,538.2828146652919,13322913
2020-04-21,532.5637817382812,543.749965660496,528.0219981501725,528.0219981501725,11660575
2020-04-22,539.8389892578125,542.4883716065032,528.2322715740959,532.5637884083881,8266728
2020-04-23,571.3368530273438,574.9955255995666,536.6848793160952,544.2124398943533,14451289
2020-04-24,553.4221801757812,567.7203216088942,550.7307550508507,562.2954282688096,7319940
2020-04-27,558.9732666015625,572.7667898574003,555.9874881695337,555.9874881695337,7183306
2020-04-28,555.6929931640625,569.4023753917932,549.2588098949748,566.0381072949435,7296571
2020-04-29,569.02392578125,573.6077516589464,553.4221416298926,560.1506783062439,8639056
2020-04-30,601.7835693359375,605.5683716588051,587.1489798203163,588.7470280016161,16253821
2020-05-04,566.626953125,589.7562999093207,563.8093473522927,580.168113799409,9122740
2020-05-05,566.626953125,576.6356214781432,563.5149943816311,573.3975334622045,6393053
2020-05-06,560.066650390625,573.1452346488045,558.5106453215642,569.3183892829877,7934250
2020-05-07,559.2676391601562,567.1736399581171,557.1649711817623,559.7722589411038,4779548
2020-05-08,567.0474243164062,572.6825839071761,562.2533317888959,565.4073332761186,8400321
2020-05-11,574.36474609375,587.5274154760135,570.2434967485754,574.0282987181456,7370186
2020-05-12,578.3598022460938,581.1773564504479,568.1408166168994,570.6640178750056,7356039
2020-05-13,583.826904296875,588.6630414165714,575.0797835812929,584.3735672574265,8287101
2020-05-14,553.5482788085938,564.9867697273427,548.8803157877804,554.2631652405192,16888262
2020-05-15,548.6280517578125,559.1413903678222,543.9180965943926,559.1413903678222,9255353
2020-05-18,558.384521484375,563.9775874320625,549.21686868607,554.9781583367356,10435442
2020-05-19,562.3375854492188,567.552213061495,550.8990905158886,558.4686963397711,5902208
2020-05-20,563.136474609375,566.0381664128967,554.8099410008298,562.25336440865,5794636
2020-05-21,565.3652954101562,571.46303167509,559.6460495941161,560.5712028383799,7213225
2020-05-22,582.312744140625,585.2564787782514,566.4586509832712,567.720251542254,11867731
2020-05-26,572.38818359375,588.2843717331784,571.0845399036119,582.8594788706966,7099606
2020-05-27,593.330810546875,596.484812249405,567.7203064553988,577.0140878719212,8774636
2020-05-28,594.9708251953125,597.1575788940195,580.3362386434837,594.6343778564392,9440091
2020-05-29,589.0885009765625,597.4431465895127,575.4056308612918,590.3672748571195,28290128
2020-06-01,596.377685546875,602.4305816676296,589.5149406788527,595.6956830070112,12276438
2020-06-02,603.6665649414062,606.693038399021,594.6725314563955,597.1874640887264,7059304
2020-06-03,598.0825805664062,606.9061522562504,593.3511272429256,605.8831226646595,11378568
2020-06-04,603.3682250976562,604.8175127670321,594.6299357196965,598.4662578856301,10782424
2020-06-05,599.78759765625,606.7356235946554,597.2726651490909,602.7287881465396,7718679
2020-06-08,614.5360717773438,618.7560359307533,600.1711995336993,603.2829034128403,10719105
2020-06-09,611.765380859375,621.995571522799,609.5914757500856,613.811439805436,10078029
2020-06-10,610.2734985351562,613.3425870572468,604.6042989056473,609.5488808188883,7263049
2020-06-11,600.128662109375,608.1849488973281,596.9743424317145,606.9914056570949,8825715
2020-06-12,589.9837036132812,592.6265345060069,575.8745738320791,576.1303182324207,9795316
2020-06-15,586.1472778320312,600.5122015062036,584.1865017316301,590.7934997446474,7857344
2020-06-16,597.7843017578125,606.9914652624055,596.0366541535651,598.4663042334391,10131760
2020-06-17,599.8729248046875,605.5421251792208,595.0561884259687,596.6759896949491,7291916
2020-06-18,608.6112060546875,610.9129576764952,601.8763086992066,603.7518543454688,6670195
2020-06-19,601.4926147460938,606.9061222183324,597.6136776020134,604.4338051638052,22438862
2020-06-22,599.9154663085938,604.1780459298948,596.7611469821425,602.8139892310129,7804096
2020-06-23,614.3656616210938,617.6478273297574,590.0262887724396,593.0953775196116,12157390
2020-06-24,608.8242797851562,619.6085752135434,604.7748290673575,611.1686986217766,10220838
2020-06-25,597.1875,601.5353110924012,591.2198875802998,600.8959240474334,14945284
2020-06-26,637.8524780273438,640.7510011910102,605.2863566034009,605.4568702091336,26030458
2020-06-29,623.8284301757812,634.868520077892,622.4217583070059,626.9401336268614,8954428
2020-06-30,627.4089965820312,629.9665439134071,617.4345515829789,624.7235510707131,10411290
2020-07-01,623.95654296875,632.8226790261972,622.123612573959,628.5174832067848,5477468
2020-07-02,645.0134887695312,652.5582854664767,626.9401938866904,628.6025582124721,17263756
2020-07-03,650.2139282226562,651.3221885556562,641.5182550891772,643.6495449731943,7796572
2020-07-06,651.3221435546875,660.6998183964434,649.1908538179248,652.3451730350218,8810958
2020-07-07,677.0255737304688,679.4126080233551,652.6435859361666,655.9258036181499,19362533
2020-07-08,660.4442138671875,669.1398882409582,658.3129236791776,669.1398882409582,8476642
2020-07-09,666.4117431640625,673.4876152978444,660.6998757668727,664.9624556105299,6854166
2020-07-10,666.5396118164062,673.4024072228784,659.4211240508266,659.4211240508266,5206452
2020-07-13,679.497802734375,686.5736744543672,670.1201276267259,671.7825440752249,10804688
2020-07-14,667.7330932617188,687.4688575912256,666.1132922029575,676.0025080790534,8961822
2020-07-15,708.398193359375,723.3172236279495,677.5797185911975,681.160296262345,30060599
2020-07-16,776.64208984375,814.5790525199815,762.3624465892135,767.349644464732,90432109
2020-07-17,769.9498291015625,784.2294717842034,760.5721533099775,776.6420587394516,31682878
2020-07-20,796.5056762695312,805.6276077373739,773.0188712337183,774.5107742110097,18421053
2020-07-21,798.594482421875,809.6345766795009,792.1579960660519,805.6277404736289,12877784
2020-07-22,782.5244140625,800.5124798572022,775.7895172205048,800.4698644662415,14354201
2020-07-23,774.0419921875,780.7342226621627,767.8186351543536,780.606376469087,13051307
2020-07-24,786.7443237304688,789.2166407991177,770.0350319220125,770.0350319220125,18209580
2020-07-27,808.5687255859375,812.277148982619,783.1637618639511,785.6360267839249,16827870
2020-07-28,820.8450317382812,824.8518674521246,802.3880910647601,806.4801575675039,15818463
2020-07-29,813.4280395507812,818.4152365853474,804.4339554803054,812.6607544531067,11152710
2020-07-30,819.6514892578125,829.1996785226145,817.3496857335426,820.1203626343344,12492320
2020-07-31,823.5304565429688,840.9644191611527,812.7034929291409,826.3011335447954,12704346
2020-08-03,815.7724609375,823.0188458691074,807.7161755186133,818.4152393344751,8479792
2020-08-04,809.76220703125,827.5371947713552,801.83381956569,818.7989067938773,11133170
2020-08-05,805.3718872070312,819.2252724065713,799.915763915064,811.5952436899812,9614176
2020-08-06,827.6651611328125,830.6916346449389,803.4963526644548,812.8740289289736,10976491
2020-08-07,810.657470703125,826.4716318133721,809.0376695187394,826.4716318133721,8010948
2020-08-10,811.041015625,815.6872378870407,805.8833046142795,808.9523932066882,5716319
2020-08-11,808.5687255859375,820.120305764603,806.5652819765306,809.8048840626453,6802442
2020-08-12,814.1102294921875,817.3923955404009,803.2406496258698,808.1852324132691,6908726
2020-08-13,810.9130859375,825.6615997178214,808.3981537763802,813.982122180381,5097703
2020-08-14,812.9591674804688,820.9728380106686,811.6377781998088,814.8773283169422,4663873
2020-08-17,816.2840576171875,829.0291820305367,813.3854824477792,813.3854824477792,9008210
2020-08-18,824.8518676757812,826.2585399271599,817.307121685347,821.7402154117917,6141761
2020-08-19,817.8185424804688,828.2618628941742,816.2414087823889,827.7077587453504,6622744
2020-08-20,814.2806396484375,823.1041590171701,810.9984219838175,817.4775744970283,5656501
2020-08-21,808.8671264648438,821.3565059999416,806.9489655690165,821.0154788050834,6513773
2020-08-24,807.673583984375,811.5951363086242,800.6829432019192,807.332556811205,5798574
2020-08-25,799.7452392578125,808.7393246898694,795.9089172555522,807.7589104759129,6233918
2020-08-26,810.572021484375,813.5132114346299,800.0008566637873,802.4305059081429,5153601
2020-08-27,807.3751831054688,819.2251750817397,805.7980494834962,818.4152745596017,6154280
2020-08-28,797.3154907226562,812.0213899100028,795.4399453471472,811.1262586270263,7593610
2020-08-31,791.6463623046875,810.3164841198824,779.7111379199654,797.3156147008101,12808355
2020-09-01,779.3273315429688,797.1022649807703,777.5796325438033,789.6427518058166,6907773
2020-09-02,787.724853515625,789.7709129095658,778.7734347256747,780.0522088385247,5678118
2020-09-03,797.5714111328125,809.3787901037493,787.724860779756,789.8561509874935,8827948
2020-09-04,783.590087890625,792.4136075159664,779.5832523571739,780.0521257419142,8650342
2020-09-07,788.6198120117188,790.7511017323242,778.3896213528129,783.3768705190938,6700385
2020-09-08,800.7682495117188,811.5952128631155,789.0461547881181,792.7972459130488,12891964
2020-09-09,790.9216918945312,806.4801083613328,789.4297889456599,797.1024326827127,5528947
2020-09-10,801.4076538085938,803.070070411996,788.4067848343019,797.3582028166012,5171884
2020-09-11,806.2244262695312,813.4281971859399,793.6924301240407,797.0172634803677,6671903
2020-09-14,834.1016845703125,844.885980871222,808.4409214623822,815.8578211522744,21871587
2020-09-15,837.5543212890625,847.4008702906807,828.3471592620098,835.0393887824163,11608203
2020-09-16,854.0079345703125,857.3327679066014,837.1707429478881,840.5808070739487,10059251
2020-09-17,861.8935546875,870.4187134875742,848.2533006073813,848.2533006073813,15628241
2020-09-18,854.3489379882812,868.5432982973871,851.7487225378605,861.8936838435625,12897633
2020-09-21,860.955810546875,878.943874854181,852.9421404380291,853.3683983792776,14140637
2020-09-22,858.909912109375,871.6976527363136,845.0139110347917,860.1886861720689,12625762
2020-09-23,869.3532104492188,884.05911177822,859.4213780136444,869.6942376702272,13486204
2020-09-24,831.5441284179688,860.1886452460848,826.9405211979209,855.073549238675,14427432
2020-09-25,862.27734375,865.2185344424522,831.2031242372115,831.8851266504087,13311078
2020-09-28,861.3821411132812,866.2841078509341,851.2371804428481,865.133180092462,8554526
2020-09-29,860.1886596679688,876.3864639630048,856.0113103785012,867.8613038077226,8708463
2020-09-30,859.5492553710938,872.9337669524186,856.7785783763444,860.188642369882,8048817
2020-10-01,867.5629272460938,875.1076730243029,862.5330620383229,870.0778078165321,5563358
2020-10-05,894.0335083007812,899.3191700634624,867.9039235150535,867.9039235150535,14212509
2020-10-06,900.043701171875,903.666893906879,879.2422914798864,899.404314218639,9090819
2020-10-07,909.2509155273438,913.8970857638473,882.7802540190894,890.7939246516647,9284008
2020-10-08,932.3966064453125,958.227880070405,927.878334575502,929.2423392141828,21482613
2020-10-09,943.5645751953125,949.1059281662157,927.9208262470318,933.5900774075617,10567867
2020-10-12,965.1333618164062,971.8682591625789,948.0830414802206,957.3754868768211,14633537
2020-10-13,987.0429077148438,994.0761635839289,968.0744297648869,968.0744297648869,17523825
2020-10-14,969.310791015625,993.096010658677,964.2809252884425,990.6236931927496,16649573
2020-10-15,944.8007202148438,1011.0838296185921,931.3735951587789,1005.9687343591388,44288251
2020-10-16,961.2117919921875,968.41551058036,935.1248231514991,949.5749277546903,18365685
2020-10-19,959.8478393554688,971.0157787720392,950.8111900591178,967.605714579688,12902123
2020-10-20,969.7369995117188,975.8750733983517,946.292808314732,953.8802219155004,10448776
2020-10-21,978.98681640625,984.1019128692776,967.6057475893944,972.8487422773784,19811433
2020-10-22,962.5332641601562,987.2135615727149,958.0575550079483,973.5733051088432,11271335
2020-10-23,967.2293701171875,978.000298514929,965.2044566153816,976.2769499712903,9069862
2020-10-26,958.5694580078125,973.34719213427,950.5559507553218,967.0139075614576,6309368
2020-10-27,939.957275390625,956.1998129434361,928.1523809828644,952.7531161604592,10172479
2020-10-28,927.6353149414062,951.9344830247945,922.0344331675559,943.963997423546,7608392
2020-10-29,926.1704711914062,932.3314626144114,913.4607770383909,921.991372456026,6935616
2020-10-30,913.8916015625,933.7101074269049,906.7827896763548,923.7147081148677,8800386
2020-11-02,923.9733276367188,930.5650514106525,905.7057706771407,917.6830636243235,7183119
2020-11-03,915.5719604492188,930.0911496372978,911.2204636787559,923.7147395400722,7204782
2020-11-04,942.6284790039062,961.6284377922875,919.2341078775322,920.2680748764902,15702690
2020-11-05,951.2882690429688,967.6600780210633,946.9798982592597,956.3721676047122,9568890
2020-11-06,958.8280029296875,966.0229617394616,940.6897182480938,954.7350503222591,8807127
2020-11-09,979.3358764648438,987.4786557669963,966.0660724446192,973.0887383720769,10160320
2020-11-10,940.129638671875,959.7757464994585,928.884748758151,959.7757464994585,15622869
2020-11-11,967.2293701171875,970.5467950267223,936.6399334676015,944.3950019139754,12514800
2020-11-12,963.1362915039062,984.0318898657669,959.6895948668982,972.0545980151975,9180976
2020-11-13,968.6939086914062,976.2766822781739,962.4898977093735,965.0749198160236,6363212
2020-11-14,976.6646118164062,982.0070551418073,974.6396984172352,979.723597400256,1136144
2020-11-17,968.2633056640625,986.61700913056,958.7418683811762,986.4015905696144,12813968
2020-11-18,956.932373046875,976.018373389613,949.0910532843459,972.3993836414027,9839468
2020-11-19,945.041259765625,960.5082709059944,942.4993627319201,947.8417011554023,10092343
2020-11-20,950.7281494140625,955.5966293834152,940.1726411093314,953.0116069414402,8063554
2020-11-23,982.179443359375,986.4447943140922,949.5219659021549,952.1501146273297,10546363
2020-11-24,982.3516845703125,995.1475250228161,976.5784044910976,986.6169296595351,8515426
2020-11-25,961.3267822265625,985.3243861608058,957.5353949463887,979.7235042106132,8958701
2020-11-26,959.2156372070312,965.0319378135229,946.3767763124209,965.0319378135229,10962256
2020-11-27,947.8416748046875,965.9368340509589,940.0866065562856,963.3518113014916,25306145
2020-12-01,980.4559326171875,982.5239716607196,952.1930829717004,952.1930829717004,8933802
2020-12-02,983.0841674804688,988.7280706761666,965.936828962366,977.1385941510465,6741637
2020-12-03,970.6328735351562,988.3403206566016,967.4015952418151,988.3403206566016,16212632
2020-12-04,977.6986083984375,979.7235216410278,960.7666900877274,969.383431702864,10564055
2020-12-07,985.3243408203125,993.5102448323746,978.8617850213161,988.5987444990683,7792141
2020-12-08,993.8119506835938,1005.5738249429021,986.6169919105595,986.6169919105595,12308330
2020-12-09,1012.6395263671875,1016.3447676789543,996.9570972484528,1006.47863968937,10039346
2020-12-10,1006.2198486328125,1009.5803983871111,990.9251345987877,997.3015434583871,9488782
2020-12-11,1002.2994384765625,1009.8390881110338,995.4491703111808,999.283578622774,10574009
2020-12-14,1003.4628295898438,1010.3992444657129,989.3743708973892,1007.6419288306225,6728187
2020-12-15,994.8888549804688,1002.7300679394843,992.6485234471533,996.0952197091225,6905926
2020-12-16,1004.4537353515625,1007.2111563485201,994.0274968819294,999.5422336909888,7788404
2020-12-17,998.8526611328125,1007.2109637374213,996.2676386089855,1004.6259412135943,6658153
2020-12-18,1025.2200927734375,1029.7007569220882,1012.9842549777642,1019.2313934611827,15995676
2020-12-21,1014.448974609375,1042.4102574830144,992.6917032711265,1023.6688455381866,10858352
2020-12-22,1051.6732177734375,1054.5598049130733,1013.4148674704828,1018.4987655945949,10901851
2020-12-23,1079.720703125,1084.718349470312,1060.3330371311058,1066.7524666862673,15878346
2020-12-24,1065.072509765625,1077.0066772141781,1056.4126413899178,1077.0066772141781,7313885
2020-12-28,1068.7344970703125,1075.3693459932929,1065.0292561279728,1067.1403157348757,4607051
2020-12-29,1077.351318359375,1080.9271822212474,1064.1676607314378,1064.1676607314378,6878105
2020-12-30,1074.3355712890625,1079.9364543014929,1066.8820674740116,1079.6779099346707,5194690
2020-12-31,1082.0904541015625,1084.3307858845285,1067.6142861142157,1071.0609827602664,7430470
2021-01-01,1086.0970458984375,1090.4485420516723,1082.090345597035,1083.8998401178012,4253550
2021-01-04,1110.0516357421875,1111.5595653851517,1086.700289165247,1093.4644096695795,7208454
2021-01-05,1114.8341064453125,1119.3147701487244,1098.677715421226,1104.6663089535523,8145280
2021-01-06,1104.75244140625,1121.8997785672482,1092.6459823290795,1120.1764302130741,7161715
2021-01-07,1087.5621337890625,1118.151568485968,1081.8319792102795,1116.7297849912563,10954918
2021-01-08,1130.6025390625,1134.6524703484326,1101.4348924983926,1101.4348924983926,13186251
2021-01-11,1185.8360595703125,1191.997051488517,1154.6434938259667,1156.452988712158,20528626
2021-01-12,1182.0015869140625,1187.3870506780231,1171.8769150378166,1187.3870506780231,8309868
2021-01-13,1195.2713623046875,1200.139842468759,1171.8768872321662,1183.8110536129677,14442997
2021-01-14,1180.9244384765625,1192.5570396581995,1136.074256291206,1171.8768597797336,27521697
2021-01-15,1158.90869140625,1175.7113385699836,1154.6434461232384,1171.8769303937345,15018441
2021-01-18,1130.559814453125,1154.6435692146695,1125.3466428316106,1152.9202206039013,8861765
2021-01-19,1134.5234375,1146.8884421161995,1130.5166311468472,1137.410025239206,5585744
2021-01-20,1154.169677734375,1161.8817263559731,1137.88411650216,1137.88411650216,8225838
2021-01-21,1154.384765625,1172.7815920617124,1150.3349393730487,1163.2600510513976,6142421
2021-01-22,1155.375732421875,1168.4301164859517,1143.053855513784,1143.441566797093,9646591
2021-01-25,1141.804443359375,1161.4506568831903,1131.3782067409234,1158.951780705668,6542611
2021-01-27,1121.0380859375,1143.9155770365226,1107.3374457103669,1137.0652043305388,8133665
2021-01-28,1099.6685791015625,1117.1174817647845,1096.5235523990264,1113.1107808566571,4660690
2021-01-29,1067.6571044921875,1112.5502943442075,1060.720587415266,1108.3280711315076,12183519
2021-02-01,1086.485107421875,1101.1765906055678,1069.3377684222917,1077.5667997697462,8880279
2021-02-02,1095.4031982421875,1115.3509746689713,1088.8113703485435,1102.9428466076697,6892490
2021-02-03,1106.94970703125,1123.6230806340604,1096.911182244754,1100.9179880401161,8182968
2021-02-04,1102.3828125,1114.4893764883388,1096.0926542603552,1107.251292527457,5032240
2021-02-05,1096.1358642578125,1110.4827624979573,1087.4329747991637,1108.4578489146597,5477481
2021-02-08,1123.2353515625,1128.7931076138423,1099.0653501995846,1107.6820914790796,6921922
2021-02-09,1124.958740234375,1147.7499796635198,1118.3237860998943,1126.1219793119321,7965949
2021-02-10,1117.1605224609375,1123.924643422674,1106.0449050184593,1116.5573926368966,5951207
2021-02-11,1113.8431396484375,1116.7297270881256,1105.5710886329,1110.6980078831743,4673317
2021-02-12,1128.620849609375,1140.6411619904115,1121.5120378349307,1124.4847715939468,5797875
2021-02-15,1128.4918212890625,1144.6482151765338,1126.294509646424,1137.4101296779754,4363513
2021-02-16,1111.904296875,1137.1944110642016,1108.1129097393925,1132.2397849125675,6896421
2021-02-17,1104.0631103515625,1115.4371668503802,1098.6345212315448,1111.9043239367195,4575741
2021-02-18,1113.6708984375,1125.3466271870793,1098.6347240915209,1099.496398384926,6437551
2021-02-19,1112.6800537109375,1119.7457408210937,1100.1857764951576,1116.816027195596,5389696
2021-02-22,1090.1903076171875,1127.5439735379998,1085.7096432270175,1115.8682444277679,7371303
2021-02-23,1091.18115234375,1112.42144338809,1083.5984821457366,1095.3172307680072,6612942
2021-02-24,1098.0316162109375,1100.0134040146577,1078.8162370081768,1085.7527572833285,4537258
2021-02-25,1098.2469482421875,1119.9610970869585,1096.049636849095,1110.2241360693142,8788221
2021-02-26,1079.9364013671875,1098.031560981931,1072.5690443072458,1093.4646452909378,15132388
2021-03-01,1091.7412109375,1106.820509431112,1084.8478173404203,1088.5530584727862,5756286
2021-03-02,1124.053955078125,1128.793163014445,1102.2535564971179,1104.8817047902842,10461434
2021-03-03,1157.702392578125,1160.6751264405077,1127.0698332473528,1136.7205420391444,9056399
2021-03-04,1146.3282470703125,1175.194332673044,1142.4938389671688,1150.3350531237788,12041941
2021-03-05,1134.5662841796875,1154.643333469925,1124.527864719399,1144.7340809811906,6486176
2021-03-08,1150.9810791015625,1159.8993842249592,1134.9969838609995,1141.5457906000358,5119392
2021-03-09,1159.42578125,1163.6479007526516,1136.33287023034,1145.5958680350614,6518173
2021-03-10,1178.8997802734375,1183.9405541723527,1167.5687415600714,1169.2059438582708,7925984
2021-03-12,1184.672607421875,1199.1917948727676,1180.536634880443,1183.0785313845056,9462061
2021-03-15,1183.5955810546875,1189.0241702261578,1170.5843225404135,1180.4935751787755,6658635
2021-03-16,1192.5570068359375,1211.513837869457,1189.5411473533322,1194.323480892539,9352771
2021-03-17,1195.141845703125,1206.3436077753245,1190.8334756753559,1199.6656342322824,7626744
2021-03-18,1152.14453125,1200.9583948470276,1131.8090415293782,1200.9583948470276,10961755
2021-03-19,1158.477783203125,1167.740780430042,1135.6865437280399,1146.026633655761,12767112
2021-03-22,1181.182861328125,1185.6635244337417,1151.2827078844905,1163.3461449063454,4862758
2021-03-23,1181.8292236328125,1191.9107691234879,1171.5321544195988,1182.6046462206853,7165335
2021-03-24,1166.491455078125,1180.8813722284217,1160.028898540296,1170.0242982818368,6134303
2021-03-25,1149.3011474609375,1165.4144137321318,1143.958704043089,1160.4597868345645,8749994
2021-03-26,1151.3690185546875,1169.0333395716661,1147.750029005632,1158.6932492202639,4922071
2021-03-30,1193.67724609375,1206.3438140675257,1151.3259404414841,1160.5889375852169,10546381
2021-03-31,1178.8133544921875,1196.0037115869577,1174.7204023091629,1190.83366672419,8220987
2021-04-01,1193.591064453125,1199.1058003917483,1181.3553328390126,1189.1104006694657,5675155
2021-04-05,1214.87451171875,1227.885771488431,1195.142150915406,1198.5888478178297,9479572
2021-04-06,1215.865478515625,1228.7474663306377,1211.9016928634576,1226.162443610447,5793571
2021-04-07,1232.3663330078125,1236.4592852394153,1212.0308440098686,1215.1759757090142,5879234
2021-04-08,1240.681640625,1250.8924593912707,1224.4391021437357,1232.1941703487278,5654434
2021-04-09,1241.715576171875,1253.7358884927696,1232.2371605200397,1253.7358884927696,6052712
2021-04-12,1228.5321044921875,1273.1668742622135,1219.2691059838298,1270.1078884948163,20384532
2021-04-13,1203.88818359375,1236.7179510500807,1184.8020781702567,1234.7791840130749,14855206
2021-04-15,1172.5230712890625,1177.3915511559262,1137.4098505247566,1148.0084843876693,25342491
2021-04-16,1166.491455078125,1181.226062947407,1160.3304634750934,1176.1852898848683,10879878
2021-04-19,1174.07421875,1188.851847075062,1148.0515948995885,1154.6434235411007,12508028
2021-04-20,1164.42333984375,1188.248651092987,1156.7113982865865,1188.248651092987,8560766
2021-04-22,1164.2080078125,1176.013007638109,1159.0810883205606,1168.0425211701513,6622446
2021-04-23,1149.3011474609375,1161.8815703725743,1146.8884175064454,1157.2285084231075,7316262
2021-04-26,1157.702392578125,1164.380367507534,1138.271597645071,1147.9654322200197,7088606
2021-04-27,1161.9676513671875,1165.8451852427174,1154.7726928795603,1159.813465880782,3636115
2021-04-28,1168.43017578125,1171.4460353795055,1158.6070691956795,1170.1535241231102,4879234
2021-04-29,1168.731689453125,1179.6318882743649,1164.4664445679937,1178.7702141412208,5412357
2021-04-30,1167.0084228515625,1183.8541954072941,1159.7273179909107,1160.0720087052553,8354677
2021-05-03,1165.026611328125,1172.7385531266991,1152.920047085616,1155.3327768515082,4560337
2021-05-04,1145.509765625,1167.5254795369788,1140.9428500394654,1166.7069310758193,4887060
2021-05-05,1155.9356689453125,1158.0037075785995,1144.1307772402217,1155.5909783089623,3939788
2021-05-06,1173.2554931640625,1175.9266619728828,1152.403020957983,1158.951723413913,4810090
2021-05-07,1165.457763671875,1183.1220890519035,1161.9679402423628,1176.444112383844,4991435
2021-05-10,1154.2557373046875,1165.7590670432264,1150.3782033354155,1163.130918612339,7195348
2021-05-11,1146.5869140625,1155.50522191954,1141.8045796830766,1151.9723783704771,6420988
2021-05-12,1143.4415283203125,1146.0265506149326,1132.6706020927286,1146.0265506149326,5241898
2021-05-14,1134.3079833984375,1143.3124370755465,1129.9134658392018,1143.3124370755465,4824609
2021-05-17,1145.509765625,1150.2919945875576,1137.6685510099821,1137.6685510099821,5017129
2021-05-18,1154.6434326171875,1158.6071129160698,1145.5958534810081,1152.9200842102962,5620150
2021-05-19,1152.0582275390625,1169.6794201346727,1148.8269497879246,1156.3665978739132,4435878
2021-05-20,1154.0401611328125,1162.4845041794445,1150.334920438742,1161.88137438498,4490092
2021-05-21,1167.1375732421875,1169.7225955528013,1160.1149082613877,1161.1058545174217,4969733
2021-05-24,1161.579833984375,1174.4618199428319,1159.0378322316353,1168.990210343967,4225371
2021-05-25,1173.2554931640625,1178.7702287213629,1167.0945019989106,1170.153487283341,4099340
2021-05-26,1203.97412109375,1206.3437248389694,1173.6432352288718,1178.6840076135552,6850024
2021-05-27,1208.2825927734375,1220.346031032541,1199.1918882971079,1209.9628153141646,15365391
2021-05-28,1210.6954345703125,1218.4073769544673,1202.983387001314,1214.7452614296749,4261312
2021-05-31,1213.91796875,1220.6680058856502,1204.5550140134528,1220.6680058856502,4429904
2021-06-01,1208.2130126953125,1220.232475755332,1200.7662615923773,1219.3615032530086,4791325
2021-06-02,1200.766357421875,1212.3502288353206,1188.8775605523726,1202.595378558746,9272276
2021-06-03,1210.3468017578125,1218.4903723317955,1199.3725709192988,1208.9967520267799,5115645
2021-06-04,1206.863037109375,1216.6614775007154,1199.895257275533,1214.0920448950565,4194328
2021-06-07,1210.3468017578125,1212.393565608191,1199.5903140165703,1211.5225932191047,5154576
2021-06-08,1230.640380859375,1238.304980325508,1215.4855465147693,1215.8774415575238,7360630
2021-06-09,1232.6876220703125,1241.1360141650894,1223.368151014114,1231.0327527874454,5394317
2021-06-10,1240.5262451171875,1244.619773572991,1235.9100480756292,1240.2649108243102,3496575
2021-06-11,1260.210205078125,1264.3037335391286,1245.011670273987,1245.577823696013,6140828
2021-06-14,1273.187744140625,1286.426484664051,1265.9150381321408,1281.2006492490314,7132294
2021-06-15,1283.7264404296875,1285.5554614889663,1274.2328185354727,1275.103791070357,5403104
2021-06-16,1289.5618896484375,1297.2699751733123,1278.1521709198764,1282.6811854881962,7661710
2021-06-17,1302.3651123046875,1308.7667383776072,1284.7714054916353,1284.7714054916353,7677951
2021-06-18,1309.3330078125,1320.2201641126776,1295.4845237346972,1314.2975085574267,13533974
2021-06-21,1306.7200927734375,1311.5104415545813,1292.6973503763622,1300.3619509541468,5454052
2021-06-22,1316.77978515625,1325.141100097342,1308.2878030729764,1314.9071729713455,6427862
2021-06-23,1309.202392578125,1328.2331212813588,1305.283016154672,1328.2331212813588,5529809
2021-06-24,1358.0203857421875,1366.3382162960427,1316.2137024706592,1321.2653858939264,10785137
2021-06-25,1371.0849609375,1374.3946991922826,1343.9106596031002,1369.168863834137,9780240
2021-06-28,1368.99462890625,1376.2672280750623,1359.239673036804,1369.9526773998857,5019178
2021-06-29,1361.37353515625,1370.6058218938479,1358.0202061563784,1359.5879990996918,5913567
2021-06-30,1376.8333740234375,1385.7172510180376,1369.2123646290893,1369.2123646290893,6058722
2021-07-01,1359.065673828125,1373.3931306494867,1357.889882075595,1373.3931306494867,4814317
2021-07-02,1365.5108642578125,1366.9478839702683,1343.5622912761874,1357.8026718078984,5166064
2021-07-05,1375.2218017578125,1380.4912272034776,1359.6314811563325,1366.686336195417,4058338
2021-07-06,1360.63330078125,1382.015719815571,1356.1913619563304,1370.6494852954324,4089574
2021-07-07,1362.7235107421875,1367.9058607513202,1345.3476524242224,1363.986484620662,4797120
2021-07-08,1359.3702392578125,1372.6525690022825,1349.1363130612535,1365.6847894641999,3326813
2021-07-09,1361.2430419921875,1367.3398499422146,1350.8784472131626,1355.2333100346107,3436594
2021-07-12,1348.1346435546875,1374.3944833697385,1335.8539536554729,1367.9057813469253,4588982
2021-07-13,1345.6087646484375,1355.5814624040297,1338.0749384566736,1355.5814624040297,4456160
2021-07-14,1373.436767578125,1378.5755273818056,1339.6429868568807,1353.4914729990367,5657716
2021-07-15,1376.8333740234375,1390.812418891996,1355.2332134406452,1356.8880824588236,10021355
2021-07-16,1354.754150390625,1371.4768864021955,1349.6589824626813,1370.6929898779226,6265593
2021-07-19,1342.7783203125,1352.5332765373414,1339.1638693330044,1345.3912379284575,5669162
2021-07-20,1350.051025390625,1356.7138802520703,1339.5557637771587,1339.8170980665798,5069939
2021-07-22,1385.0206298828125,1387.3287286099348,1359.9366819998504,1359.9366819998504,7854575
2021-07-23,1385.238037109375,1392.2494075892132,1380.5348711168035,1383.5832745741461,4179719
2021-07-26,1396.952880859375,1403.7029180573702,1388.4173074229864,1388.4173074229864,4586710
2021-07-27,1395.77685546875,1401.655919140617,1391.726812564156,1397.9106953105897,5892859
2021-07-28,1398.4334716796875,1400.1754167381625,1380.9269451059924,1397.9979854150688,4686788
2021-07-29,1408.3623046875,1410.9752217648422,1393.6428505544982,1393.6428505544982,4660873
2021-07-30,1402.701171875,1413.9367380735853,1398.9124628703291,1402.2656856372244,6234257
2021-08-02,1421.035400390625,1423.822470206854,1410.2788036313543,1417.4643276437148,5553389
2021-08-03,1441.6336669921875,1444.638585966481,1424.562626930286,1434.4917348838053,5513668
2021-08-04,1436.451416015625,1463.146744783546,1427.5675389174712,1453.7401991220645,6740391
2021-08-05,1440.1966552734375,1451.0402206367958,1434.5353338843984,1436.6691740338504,5420536
2021-08-06,1437.2789306640625,1446.3806580542653,1431.8789431145817,1443.2015868253418,3754855
2021-08-09,1448.6885986328125,1452.3030494440573,1433.9691421507919,1446.6853193592076,5018477
2021-08-10,1460.83837890625,1463.2335528767328,1446.7286693171714,1452.781884641899,6846517
2021-08-11,1461.0999755859375,1466.7177057432823,1452.7821455937024,1458.7048011852285,4899639
2021-08-12,1471.5950927734375,1477.6048241977232,1458.0079432401938,1462.4934728122273,5659579
2021-08-13,1491.2791748046875,1500.25023470125,1473.075933355373,1478.0404344197511,5612790
2021-08-16,1484.4853515625,1498.0289083327355,1472.0304039516668,1487.3594966358587,4564109
2021-08-17,1516.92919921875,1523.2437495245933,1468.9386381583163,1484.0499890055655,9510390
2021-08-18,1509.787353515625,1528.9923411431014,1504.1696229872607,1505.9115681210037,6686090
2021-08-20,1509.3516845703125,1519.8469452589354,1494.6758198585792,1494.6758198585792,6206972
2021-08-23,1514.403564453125,1526.9455907943864,1508.524499573149,1511.7906467286912,6189051
2021-08-24,1498.813232421875,1530.2989143307364,1491.7147842075274,1524.202105907108,7602939
2021-08-25,1511.616455078125,1521.5019722788666,1496.330844263311,1496.330844263311,6153253
2021-08-26,1504.7791748046875,1520.7180143906892,1498.0727289530273,1510.2663441886914,5302248
2021-08-27,1488.31787109375,1504.7791665153063,1485.1822849945138,1502.427583260766,6698514
2021-08-30,1478.954833984375,1496.896845466197,1472.2918733754789,1483.3096963013163,6559667
2021-08-31,1486.27099609375,1493.7178535768544,1468.3289836646177,1480.783933076624,12255438
2021-09-01,1461.274169921875,1488.9275478953632,1457.267717526702,1488.9275478953632,7801974
2021-09-02,1471.1597900390625,1475.6889113283519,1448.1226074122255,1460.9258620402402,6830050
2021-09-03,1481.2193603515625,1485.835450675509,1467.0660576377923,1477.2129082319484,5339139
2021-09-06,1507.130859375,1508.5243941333167,1480.0871202894011,1485.1388033981718,4876026
2021-09-07,1486.4454345703125,1511.0504109426818,1484.1373358767123,1506.7826238654413,3520341
2021-09-08,1474.7745361328125,1481.393907442053,1465.8034747227175,1481.393907442053,4584896
2021-09-09,1473.3370361328125,1476.2112878647204,1465.1063886676236,1468.372535490299,3331674
2021-09-13,1473.5982666015625,1481.9595806146374,1459.0529633172687,1465.8465907578222,4662374
2021-09-14,1468.59033203125,1477.1257989130531,1462.0144469944478,1477.1257989130531,4945167
2021-09-15,1490.6258544921875,1493.8049254065334,1472.117688719493,1474.7741973936459,4062344
2021-09-16,1482.613037109375,1497.4195705979105,1473.2064909534074,1493.8920892094495,3246568
2021-09-17,1473.075927734375,1496.3308524712506,1467.1096806648243,1478.0404287798092,7454864
2021-09-20,1470.07080078125,1487.3595823241576,1461.4481524246728,1467.5885506094764,5660743
2021-09-21,1496.72265625,1503.9517705576725,1467.2838494209095,1480.6532560868934,4672222
2021-09-22,1495.37255859375,1514.533951698331,1492.0193360644232,1495.4596345711595,4553892
2021-09-23,1517.713134765625,1519.8469748097546,1499.0307113119939,1508.5243325905415,3826090
2021-09-24,1536.264892578125,1557.2989006716446,1526.3357843635558,1531.1697244858785,8280446
2021-09-27,1499.0743408203125,1540.750353714178,1496.4178321652648,1540.5326105890063,5045337
2021-09-28,1469.4176025390625,1489.3628929542976,1458.8788571335956,1489.3628929542976,6557197
2021-09-29,1473.9031982421875,1481.872617800693,1441.4594729447897,1445.1611060324121,7792548
2021-09-30,1459.05322265625,1483.2663028944044,1454.6112837647613,1483.2663028944044,6914031
2021-10-01,1450.2996826171875,1462.3190376924388,1446.9028690646644,1450.2560914701553,5733906
2021-10-04,1462.1451416015625,1470.2016375418839,1450.517679535455,1456.7015632635075,2947154
2021-10-05,1474.38232421875,1483.2226102398492,1448.4273005977032,1455.3950807569224,4373310
2021-10-06,1457.6160888671875,1488.492021865943,1454.524093924005,1482.4822902737767,4271698
2021-10-07,1472.814208984375,1484.311001204267,1460.3157773217213,1469.3303196668485,5476108
2021-10-08,1501.4259033203125,1508.0888641225727,1479.2596960117546,1485.2258362951297,4738376
2021-10-11,1472.77099609375,1506.7825168192749,1449.036994022464,1464.975834271688,8840633
2021-10-12,1467.7193603515625,1471.072583282753,1447.5563252906663,1460.6209130640477,7439300
2021-10-13,1488.6661376953125,1492.5420290685638,1463.277374662343,1477.1257522003684,7104171
2021-10-14,1494.37109375,1553.4665576738048,1479.085483572147,1527.6857924741366,19655776
2021-10-18,1560.91357421875,1566.8797152948314,1515.4923316359125,1515.4923316359125,13438109
2021-10-19,1587.04248046875,1597.798969026237,1552.3342493938349,1579.9440336950636,10324260
2021-10-20,1569.7972412109375,1609.5571565198998,1562.5682333583247,1593.3570895202022,5876115
2021-10-21,1527.3809814453125,1579.9441517799685,1521.4583257794832,1579.9441517799685,8779629
2021-10-22,1497.898681640625,1535.6988064564907,1486.7501901182247,1524.1149349651396,7369809
2021-10-25,1487.2291259765625,1506.564672832556,1469.5047506520364,1499.8582271507623,5905209
2021-10-26,1497.0263671875,1517.1484199782562,1490.1726392111948,1502.6061429097938,5871709
2021-10-27,1519.2135009765625,1523.7827607577628,1494.785943644436,1501.77149758961,5090259
2021-10-28,1497.202392578125,1515.5230879740864,1486.789920282188,1510.7781326616437,5329972
2021-10-29,1465.4376220703125,1504.8469109760645,1459.5504324355952,1492.8967290645846,5875091
2021-11-01,1493.8193359375,1500.1018935472132,1472.6867651673283,1474.0048022483252,3636806
2021-11-02,1491.9300537109375,1499.4428003412402,1481.7811257877784,1489.3818273621403,3471772
2021-11-03,1495.9720458984375,1509.1084388738689,1492.896626127134,1501.6835397594302,3530713
2021-11-04,1501.419921875,1508.713103252184,1498.1688066656807,1506.955720487767,483407
2021-11-08,1526.7261962890625,1529.8016159650406,1496.4113451972798,1520.1360112691098,5245903
2021-11-09,1531.1197509765625,1537.7099364183555,1516.621343004618,1524.3098926867096,4016134
2021-11-10,1529.0548095703125,1538.5446120128352,1513.0625622726295,1516.6213052274068,4780368
2021-11-11,1523.0355224609375,1528.7030378801783,1501.683283079307,1522.727894726686,4731349
2021-11-12,1564.2464599609375,1566.5750137314162,1527.2097015420263,1531.5591812690018,5069009
2021-11-15,1570.353515625,1581.6446798033896,1560.116738328288,1565.916080701805,4354074
2021-11-16,1574.878662109375,1589.508788323187,1561.4346405883132,1572.8576289550256,6034233
2021-11-17,1570.6168212890625,1583.4018234229952,1564.6856546363958,1575.0982330141132,4732492
2021-11-18,1563.5433349609375,1572.374118249365,1545.6180108247017,1565.4764129337543,4326924
2021-11-22,1545.9697265625,1568.815703789317,1538.7205222501445,1567.5855143323686,6621839
2021-11-23,1526.1990966796875,1535.293531113381,1502.5622768372482,1524.6174092729004,8436160
2021-11-24,1490.260498046875,1529.3622622939777,1483.2309673957104,1528.9229166282798,7333061
2021-11-25,1513.4580078125,1516.7969705965193,1491.0952485220696,1493.7753000534872,4476260
2021-11-26,1486.4383544921875,1509.8993723813282,1479.716343711144,1496.0161123736239,4494181
2021-11-29,1490.568115234375,1504.319656915026,1466.6677523751573,1485.867137758942,3942776
2021-11-30,1504.8909912109375,1520.048419306774,1493.8194999672771,1497.7736116444519,14808963
2021-12-01,1506.8680419921875,1530.5927119756113,1505.1985067261105,1506.9558896878457,5193264
2021-12-02,1536.1722412109375,1538.1492968624316,1503.748507074007,1506.9557521388576,5559574
2021-12-03,1525.0130615234375,1569.9141753027272,1522.3769870479941,1556.2504797001545,6754012
2021-12-06,1489.645751953125,1523.607092825833,1486.3066813278726,1520.1363042844928,3991449
2021-12-07,1504.01220703125,1515.654868474255,1488.5032818453103,1494.7419695434742,4202122
2021-12-08,1540.6536865234375,1546.3213109323074,1522.4208382954744,1522.7723363402492,3029169
2021-12-09,1549.528564453125,1554.75684351102,1530.6806736894218,1545.6184299768618,2082171
2021-12-10,1545.837890625,1549.7920020405534,1534.1952292347592,1546.496909194259,1823469
2021-12-13,1533.0087890625,1556.4698037309122,1527.8684664398838,1552.6914955202064,4040584
2021-12-14,1539.59912109375,1549.1329011030184,1502.8697785484514,1520.9269292908916,4768144
2021-12-15,1523.8265380859375,1535.9085444800232,1512.4035502224383,1533.3164478312353,3053149
2021-12-16,1556.689697265625,1561.9618457823942,1544.7395154133753,1548.8254519662987,4481031
2021-12-17,1599.9652099609375,1618.549554473689,1587.5756827064808,1599.2183437253605,18887243
2021-12-20,1580.677978515625,1607.6977390246545,1570.4851797435072,1583.1382500746142,5773891
2021-12-21,1591.8372802734375,1615.0347541246067,1582.523173111217,1582.523173111217,5353584
2021-12-22,1603.34814453125,1607.2583855937914,1592.496327262333,1603.6117948544356,4156428
2021-12-23,1632.2572021484375,1635.7719679184652,1605.3692654601534,1609.103704090808,4112933
2021-12-24,1637.4415283203125,1648.2054986567352,1629.0939594879846,1645.7451196749826,3780347
2021-12-27,1639.7698974609375,1647.1069488401015,1621.2295312790468,1634.3659241624905,2647733
2021-12-28,1658.9693603515625,1665.9110438520706,1650.5339443784728,1652.5548702377228,3340933
2021-12-29,1656.816650390625,1664.0658546078334,1648.7766024427483,1655.0152900742216,3236635
2021-12-30,1663.2308349609375,1678.1247171147652,1646.975045625466,1655.8937839295143,4584738
2021-12-31,1658.749755859375,1668.0638636147924,1644.6028452130947,1660.7268115874554,4619420
2022-01-03,1668.1514892578125,1681.8591596242486,1658.7495350628487,1658.7495350628487,3329616
2022-01-04,1668.766845703125,1675.3570314082458,1650.1825005622568,1668.151697346698,3921999
2022-01-05,1620.878173828125,1672.061949815919,1616.7922372110065,1669.5137232070176,6995719
2022-01-06,1597.2852783203125,1606.2478877431283,1581.6445284122708,1606.2478877431283,6449205
2022-01-07,1594.2098388671875,1613.2773992100788,1587.619653412898,1595.2202481604722,4834389
2022-01-10,1626.238037109375,1643.0649981325935,1593.0674382165591,1594.8248209393573,7857560
2022-01-11,1630.4996337890625,1643.152810574252,1625.710808876999,1629.972440435956,5142287
2022-01-12,1649.6990966796875,1659.848025074008,1634.3659749272922,1642.1863497006073,5362535
2022-01-13,1666.7020263671875,1680.4974395675385,1639.9458066975717,1673.9072535300188,14277630
2022-01-14,1695.3033447265625,1698.5105900038816,1652.8186341424216,1653.697325601296,7688506
2022-01-17,1704.2220458984375,1716.8752240721528,1696.3138229476326,1703.3873319362635,5262464
2022-01-18,1687.74658203125,1709.0548494342218,1679.574708740925,1688.9327940218743,3690315
2022-01-19,1640.560791015625,1683.5726913474412,1636.8702228464153,1683.5726913474412,5747770
2022-01-20,1602.469482421875,1623.8217266018507,1595.2642557606387,1620.3069609598556,5533463
2022-01-21,1569.0792236328125,1588.6740851767383,1560.5559597753802,1577.2510967324367,8252758
2022-01-24,1526.1112060546875,1554.097504585174,1518.3786791357186,1550.89025964962,7116712
2022-01-25,1513.2384033203125,1528.923023226851,1494.214713216816,1517.1485371127924,9137653
2022-01-27,1474.9715576171875,1502.2988423181387,1463.0213744494893,1495.5329605483666,11231734
2022-01-28,1481.6494140625,1517.9833897106614,1475.7622245146904,1477.0802616309584,10998502
2022-01-31,1525.5841064453125,1537.270746047761,1507.2634105184352,1509.591964395572,8788872
2022-02-01,1557.085205078125,1564.0707591029711,1524.265994070383,1551.856926666537,5119935
2022-02-02,1570.3094482421875,1575.3180537987653,1557.0412289736769,1571.9789834277135,4253717
2022-02-03,1527.64892578125,1563.191948829261,1523.6508371388077,1563.191948829261,3832922
2022-02-04,1529.8897705078125,1541.180934987661,1502.694311108858,1521.8936991988624,4700077
2022-02-07,1506.9556884765625,1521.8934416567965,1489.7333592035418,1513.2822233892216,4310209
2022-02-08,1508.976806640625,1515.7426876167267,1490.2606366365032,1502.5623164200595,6053401
2022-02-09,1526.550537109375,1531.5590349384013,1515.7425905156294,1524.5295040838362,3867244
2022-02-10,1554.9322509765625,1558.7106668309207,1536.611557080806,1542.6745490801131,4334630
2022-02-11,1512.535400390625,1534.1511870988509,1505.1983487478708,1528.9230162412698,7551371
2022-02-14,1478.1346435546875,1510.0751620435087,1474.6638553981247,1484.9884794415796,7459637
2022-02-15,1527.3853759765625,1534.8542531207022,1485.3838827787808,1492.8967373992116,4669915
2022-02-16,1523.0355224609375,1542.4984470200063,1517.3678997795857,1527.3850010606236,5350642
2022-02-17,1515.5670166015625,1536.8313062358195,1511.6129051790003,1532.4378490996394,3937950
2022-02-18,1499.8822021484375,1513.5458959572875,1496.850759804493,1502.5622537515017,5602215
2022-02-21,1520.7513427734375,1526.5507925084316,1486.3066787281666,1494.65424801455,5120890
2022-02-22,1523.9583740234375,1538.5886069583632,1485.911101612414,1493.687498875911,8878515
2022-02-23,1531.4273681640625,1544.9592379110045,1523.1237768881938,1537.7100334675147,5478811
2022-02-24,1474.575927734375,1506.9117054360172,1467.8539173756792,1485.0762465850694,13592379
2022-02-25,1489.0306396484375,1518.5107832731924,1473.5656902314142,1506.9559682450063,9737281
2022-02-28,1507.4830322265625,1518.4228051512885,1463.0212662482625,1478.1347163040493,15076542
2022-03-02,1496.235595703125,1506.428393379465,1485.8669954086708,1502.5621301885437,6771489
2022-03-03,1512.095947265625,1523.5629119775879,1498.6520343318016,1511.5247764511598,7344147
2022-03-04,1514.2490234375,1525.4083619826322,1477.0803320811085,1489.601685282867,9074499
2022-03-07,1528.791015625,1538.588444936385,1490.2604241074296,1491.1391153952286,9742588
2022-03-08,1562.489013671875,1581.644529208251,1509.9872022162124,1509.9872022162124,10984500
2022-03-09,1593.3751220703125,1609.411241059636,1573.7363895823908,1573.7363895823908,10193515
2022-03-10,1604.402587890625,1620.9658987002945,1590.6070690763233,1620.9658987002945,6547182
2022-03-11,1600.9759521484375,1609.2356739028405,1591.3103454120858,1593.9464199765455,4758657
2022-03-14,1661.3419189453125,1665.1203351700804,1609.3674043195065,1609.3674043195065,10289724
2022-03-15,1616.177001953125,1659.2767472197927,1608.0051297006162,1659.2767472197927,7140443
2022-03-16,1660.199462890625,1664.1974441872826,1624.7003107966714,1638.7593724368805,5233979
2022-03-17,1629.6209716796875,1689.9871323532464,1610.6852372652634,1689.9871323532464,17731459
2022-03-21,1628.2591552734375,1658.0028379594185,1617.7587285984619,1635.2447090569246,8362085
2022-03-22,1658.4420166015625,1660.7265925780812,1615.9133353180378,1625.5789398251059,5709382
2022-03-23,1645.261962890625,1669.513826496781,1631.7300925286959,1666.8777520338913,6192824
2022-03-24,1657.8270263671875,1664.7687099000984,1630.9830683752546,1630.9830683752546,3784303
2022-03-25,1648.9083251953125,1664.2414466217965,1632.6085574568626,1662.4840638904113,3438588
2022-03-28,1646.579833984375,1652.7306737771728,1627.9076417562392,1639.6381504800765,4008555
2022-03-29,1657.2119140625,1660.1994861553353,1634.849261732521,1646.5797700005269,3917785
2022-03-30,1672.9842529296875,1686.20859986159,1665.1200087221018,1678.300378184282,7795839
2022-03-31,1675.5328369140625,1680.9368109998677,1664.4173681750951,1669.5138216935436,5399145
2022-04-01,1672.6329345703125,1678.564101084847,1650.4459783492766,1657.9587249104113,6171518
2022-04-04,1654.531982421875,1663.362874183329,1645.7890456129824,1660.5071270406477,7364074
2022-04-05,1635.33251953125,1660.3752240705198,1631.8617314560988,1655.278878381211,5472024
2022-04-06,1606.9947509765625,1632.169281125761,1601.107561481124,1629.9725526181892,5407453
2022-04-07,1591.3101806640625,1606.3797601498356,1588.2787381336382,1600.1410724456011,5797544
2022-04-08,1594.473388671875,1615.0347888286492,1588.6740468999988,1601.854417864324,5131446
2022-04-11,1552.25244140625,1593.9463082740529,1548.737675566616,1593.9463082740529,8248407
2022-04-12,1531.075927734375,1544.3002774245751,1518.1592058721535,1544.3002774245751,6456184
2022-04-13,1536.43603515625,1544.3002810224598,1521.8936482110387,1542.0595748364601,6257693
2022-04-18,1424.710205078125,1449.8407567425704,1397.1192746792042,1410.738990878907,30523965
2022-04-19,1372.5159912109375,1438.110326839995,1361.9716942234015,1438.110326839995,17044923
2022-04-20,1395.0982666015625,1402.6550983089535,1373.3946323351558,1383.9389289365774,10678747
2022-04-21,1422.42578125,1429.8067037193202,1396.4604056492583,1401.5128815545488,7766514
2022-04-22,1393.1212158203125,1415.3081733294175,1390.4412714487692,1409.728504477574,8134245
2022-04-25,1371.72509765625,1382.0058512029284,1365.5742579702844,1382.0058512029284,7000570
2022-04-26,1389.2110595703125,1398.8766646653621,1376.5140121457584,1385.8719894508067,5345435
2022-04-27,1364.4322509765625,1381.9621040988989,1362.2793923703186,1381.9621040988989,8819356
2022-04-28,1390.6171875,1407.488129155335,1368.5180741701824,1379.5456957255876,9245177
2022-04-29,1377.3927001953125,1403.5337684574995,1371.4615334467492,1397.1192785504973,9831395
2022-05-02,1354.0634765625,1364.3881007348616,1345.276562373256,1362.7625430622788,7072627
2022-05-04,1349.274658203125,1379.545534836563,1344.5297030639988,1359.5553049527848,6220959
2022-05-05,1392.8575439453125,1396.5919819925602,1368.5177304330361,1370.8024136363445,6144870
2022-05-06,1355.6888427734375,1372.3839773751754,1348.835115031049,1361.9715069838842,6171472
2022-05-09,1379.85302734375,1394.3075653232786,1337.5001444983088,1353.1847646359806,6832202
2022-05-10,1364.6077880859375,1378.7986761047448,1358.5009255643938,1369.0012452272317,6212545
2022-05-11,1341.5421142578125,1361.9277121263535,1328.2299179037932,1361.9277121263535,7846080
2022-05-12,1325.7696533203125,1342.201139918884,1321.8155419424827,1330.3388057853947,7034979
2022-05-13,1321.9033203125,1343.7387794348365,1316.3675217689756,1334.9958431960715,6723761
2022-05-16,1308.4593505859375,1328.4495800627174,1299.2770683025562,1326.8240224148346,6145331
2022-05-17,1334.2490234375,1340.0044954869074,1301.254223004272,1313.555903618578,6516378
2022-05-18,1326.1209716796875,1361.70797213733,1322.694161149026,1337.3682641118933,6594126
2022-05-19,1254.0244140625,1304.5930382065774,1245.676846021442,1301.3419230322806,16561140
2022-05-20,1278.6278076171875,1288.8206063685275,1271.2028009563014,1276.7385996614764,10488908
2022-05-23,1290.2705078125,1307.4928382619098,1274.1465416425442,1278.5838689742561,5887569
2022-05-24,1266.1943359375,1291.2810188777573,1261.1418602736273,1290.446197671662,5693167
2022-05-25,1239.350341796875,1267.5124463343247,1229.50904023106,1260.9222603048568,9630092
2022-05-26,1251.21240234375,1256.5285274802447,1236.3626055559514,1245.984232144746,13040065
2022-05-27,1284.0755615234375,1289.0401890208304,1263.030946945637,1268.7863108351823,8284860
2022-05-30,1341.586181640625,1344.397951444672,1304.856835225711,1306.614218168776,10904213
2022-05-31,1335.1925048828125,1347.9796856356543,1321.4729921530693,1341.49726302402,16033857
2022-06-01,1312.9482421875,1345.0936959690998,1307.220595475762,1343.539700941573,8738508
2022-06-02,1339.0997314453125,1344.2944932066457,1310.3286014773466,1317.78779937987,7205840
2022-06-03,1351.26513671875,1380.835483354974,1347.9795908249841,1354.1067924628962,9395707
2022-06-06,1358.6800537109375,1364.496369880414,1325.779716646575,1346.2036506605543,6624883
2022-06-07,1337.9451904296875,1349.622374002398,1334.304423990545,1349.622374002398,4904592
2022-06-08,1331.99560546875,1349.9331029298305,1324.89162890625,1349.9331029298305,4697608
2022-06-09,1345.315673828125,1347.0472249005495,1315.5677694893513,1318.675759494895,4361061
2022-06-10,1311.3941650390625,1326.6232286366903,1308.5525092706785,1319.6524730579197,6516436
2022-06-13,1264.95166015625,1281.9123802870859,1253.5852557931628,1281.9123802870859,6987685
2022-06-14,1279.2042236328125,1286.618977493986,1245.9931115070253,1252.075869762069,6090247
2022-06-15,1262.909423828125,1284.3990185434857,1259.9346552426048,1278.8933715213977,4651958
2022-06-16,1240.7095947265625,1282.0459060881565,1236.0920528309707,1276.9399223929138,6641772
2022-06-17,1231.91845703125,1240.487542584052,1214.0252932515164,1235.2484462558373,9692047
2022-06-20,1255.7611083984375,1263.0426411881947,1227.2119802322318,1234.360400176754,4595194
2022-06-21,1287.507080078125,1292.9238409740165,1263.3979359517734,1264.507932381181,6270787
2022-06-22,1276.27392578125,1296.1206407453685,1274.2759321593971,1275.208372542165,6253366
2022-06-23,1289.771484375,1294.699912173582,1272.4999822666275,1278.5384065605574,6254281
2022-06-24,1279.692626953125,1303.1357725824364,1268.8591054568187,1294.6997999490238,6114340
2022-06-27,1309.440673828125,1317.787869343207,1301.0491434910748,1303.6243570986562,4511097
2022-06-28,1314.3690185546875,1321.5617738738115,1290.2598739718783,1304.4678285372947,4412178
2022-06-29,1299.36181640625,1311.5717770934775,1293.8118342756918,1300.649368901304,5060038
2022-06-30,1298.1629638671875,1316.0116836459267,1292.0357622839565,1300.960176372367,9165177
2022-07-01,1313.702880859375,1318.6756427483724,1280.8025462113708,1291.147733707834,4651635
2022-07-04,1321.33984375,1325.1138318789901,1298.2519163726479,1314.4578653971353,4800224
2022-07-05,1310.6392822265625,1340.831183761111,1307.1317370251647,1330.9301027704544,7379669
2022-07-06,1324.5809326171875,1331.9956869281368,1305.3557731895742,1316.1892947506883,5209162
2022-07-07,1330.841064453125,1344.383018742935,1328.1770734452934,1334.703938132938,3323472
2022-07-08,1344.8271484375,1347.0471411605954,1331.9511906435466,1345.315590195814,3652582
2022-07-11,1308.153076171875,1331.9070008962192,1302.1590951666665,1327.5557930054122,4702638
2022-07-12,1277.4725341796875,1304.1124456740424,1275.1637635297923,1298.0741307741685,4710356
2022-07-13,1282.6673583984375,1296.475756562151,1277.4725970808702,1287.5957856267937,5264025
2022-07-14,1268.8145751953125,1290.215282622801,1255.627840557895,1288.4837317181796,6157606
2022-07-15,1270.146728515625,1284.0439058847987,1252.6532276522264,1284.0439058847987,5620018
2022-07-18,1323.027099609375,1326.3126460134347,1285.8644370743764,1287.5959883201187,5835171
2022-07-19,1317.9208984375,1320.3184472133253,1305.4444960050953,1306.7321568201792,3418540
2022-07-20,1345.58203125,1354.9060006770792,1331.9956324398804,1333.105628800247,5079392
2022-07-21,1361.2108154296875,1363.475143060979,1334.7484577291702,1347.0916394538826,5008061
2022-07-22,1337.590087890625,1367.5155470877928,1325.0249071257533,1362.1875644368015,7020642
2022-07-25,1335.1925048828125,1347.224909731089,1314.3245716730378,1314.3245716730378,7859626
2022-07-26,1288.6171875,1329.021061010545,1283.1559829173068,1329.021061010545,7268273
2022-07-27,1306.2879638671875,1308.0195145700193,1283.1555998327751,1288.4835815621846,4517285
2022-07-28,1347.447021484375,1353.7073369309664,1322.982654384117,1328.7990796128186,6636841
2022-07-29,1376.1292724609375,1381.4572558738053,1356.859775810306,1361.12220589984,7009465
2022-08-01,1377.327880859375,1388.8273994069982,1365.6506978612158,1388.8273994069982,2983249
2022-08-02,1370.71240234375,1373.731614384653,1357.170445576222,1373.332059019602,4374635
2022-08-03,1390.6922607421875,1394.1554711718493,1367.4267796780443,1375.5075317485316,6011955
2022-08-04,1420.70654296875,1424.2140880582285,1398.5509508931095,1409.6953575514096,7402209
2022-08-05,1435.58056640625,1443.6168753071975,1422.8378294078434,1428.2545901627868,5361971
2022-08-08,1438.022705078125,1440.3314761469533,1417.2435486624768,1435.8914900922462,3763409
2022-08-10,1422.970947265625,1439.6208933320956,1410.2282102223699,1439.6208933320956,4423829
2022-08-11,1438.5108642578125,1448.6340529159374,1435.0033190587033,1447.4352785059941,3462090
2022-08-12,1415.5560302734375,1433.2271926806513,1412.0484853977919,1432.6056381248397,3562286
2022-08-16,1417.6427001953125,1428.7871053770887,1412.8919381497751,1428.7871053770887,3004430
2022-08-17,1426.3453369140625,1431.4513202213034,1407.4753986046935,1417.6429220050966,4067324
2022-08-18,1405.655029296875,1419.1969856808453,1397.7074982537147,1415.5562190867397,4635706
2022-08-19,1418.22021484375,1425.1466359156411,1407.5642491319722,1407.741913599355,4739884
2022-08-22,1399.1728515625,1419.9075651208868,1397.7076344592094,1408.3636011768147,3950555
2022-08-23,1369.6468505859375,1380.391594615452,1361.2996555455054,1374.619613036166,5551574
2022-08-24,1365.295654296875,1372.8436302718494,1359.5236726689532,1363.0756613630588,2888426
2022-08-25,1348.11279296875,1375.2410388101719,1344.2055841247086,1374.6194842114278,4331088
2022-08-26,1351.1322021484375,1371.9112502041487,1347.491326858414,1363.2089425597997,3079136
2022-08-29,1298.0299072265625,1304.0683315463896,1287.5959401255452,1304.0683315463896,8079050
2022-08-30,1325.7353515625,1328.5325643697543,1301.8038708297447,1308.108629152098,6725875
2022-09-01,1300.2052001953125,1303.6684102712275,1288.5281260390675,1296.5200992612988,8140604
2022-09-02,1290.259765625,1312.4596927692705,1285.819780196146,1312.4596927692705,5175653
2022-09-05,1297.6302490234375,1302.6917893036236,1284.3546268952266,1288.4838352280558,3669352
2022-09-06,1292.124755859375,1305.3559363496136,1283.5555608560994,1297.6304037590292,3428442
2022-09-07,1294.3890380859375,1301.5817931585523,1276.984316019413,1278.7158670634933,3600574
2022-09-08,1310.5947265625,1315.2122673657448,1299.6723206651209,1309.7955076239975,4061475
2022-09-09,1342.3409423828125,1349.7556970653623,1314.2358103004844,1321.33978765346,4816910
2022-09-12,1364.1412353515625,1372.7548731045804,1350.7769427256635,1354.9061513249576,5494819
2022-09-13,1371.9111328125,1379.0595531212691,1368.6700299824238,1378.0827779506399,4947158
2022-09-14,1310.1510009765625,1331.0632685678052,1307.1317890233854,1329.33171750544,14332197
2022-09-15,1272.3223876953125,1309.9733809599834,1268.9923983100107,1309.7958248853374,12784100
2022-09-16,1222.81640625,1265.395822315344,1215.0907667170163,1265.395822315344,20464045
2022-09-19,1234.5823974609375,1248.5239084132897,1225.9687606499624,1236.0919491545515,6595241
2022-09-20,1233.028564453125,1255.2284946157747,1229.9649090518215,1250.255623540864,7219797
2022-09-21,1222.9940185546875,1233.250428524418,1215.1352658184694,1225.3472325735095,7917054
2022-09-22,1214.735595703125,1228.9435493746757,1207.6760620818068,1213.3148220155867,9168498
2022-09-23,1212.5155029296875,1238.5783025146602,1209.4519565311844,1214.3359402029328,10426200
2022-09-26,1225.6580810546875,1242.7075831808704,1203.2361527470398,1207.6761385505345,9414587
2022-09-27,1237.468505859375,1248.9680259096867,1223.6601064369345,1237.3796194234526,8561254
2022-09-28,1238.489501953125,1248.3906912173352,1222.7719967699986,1224.5479909555759,7022098
2022-09-29,1241.9970703125,1251.9425937102772,1236.9798654027875,1247.5470517617227,6119965
2022-09-30,1255.139404296875,1260.3342738295787,1221.8839576743449,1233.3834762714234,8120130
2022-10-03,1237.64599609375,1253.8519436659194,1230.7640183576234,1253.8519436659194,4943169
2022-10-04,1269.3031005859375,1271.8338706895042,1255.6279233059583,1260.689463513092,6631341
2022-10-06,1292.1690673828125,1296.2982757871803,1282.3566555701389,1283.1558746803535,6180672
2022-10-07,1288.6612548828125,1294.5664568499894,1278.8489526769124,1284.3544909391683,3994466
2022-10-10,1298.8291015625,1300.915873263201,1266.5947604561948,1266.5947604561948,5274677
2022-10-11,1264.330322265625,1313.9249389319289,1261.0446679361762,1298.8289881372887,12824774
2022-10-12,1268.6815185546875,1279.6927051868731,1255.2284480932105,1276.0519384547556,5481467
2022-10-13,1260.8670654296875,1276.8953475559135,1256.5158580930706,1270.7238112587875,4821514
2022-10-14,1309.129638671875,1326.6675802447219,1302.913659380233,1318.6756068697537,14990688
2022-10-17,1323.0712890625,1327.55571795731,1310.2397738100408,1311.4829914797187,4286396
2022-10-18,1335.2811279296875,1341.7191065769207,1329.553590285518,1340.8755527341007,4692004
2022-10-19,1319.075439453125,1336.391385405423,1315.390337674064,1335.547831397756,3553171
2022-10-20,1332.7950439453125,1335.547813636886,1309.085453225533,1309.7958943579833,4583939
2022-10-21,1332.4398193359375,1337.323804011944,1324.314623149871,1332.2622632524126,3594485
2022-10-24,1347.8465576171875,1351.3542116722354,1341.763798344682,1348.4237774893445,982837
2022-10-25,1355.35009765625,1361.2108571850185,1350.6881126041244,1356.9484274924105,3914341
2022-10-27,1368.0526123046875,1377.88251275016,1357.773970542601,1374.201957292014,6760137
2022-10-28,1358.447021484375,1371.6431919026134,1352.8363861734367,1369.892717518689,3053981
2022-10-31,1380.3509521484375,1388.205841518274,1373.7079380791174,1373.7079380791174,4542336
2022-11-01,1412.084716796875,1413.8801201240165,1388.8342217938466,1394.1756124417263,4542692
2022-11-02,1394.4000244140625,1411.8602777690894,1386.9490568451713,1411.1870015279026,2938906
2022-11-03,1374.15673828125,1385.9615363587588,1365.987675554083,1381.3383511548413,3174027
2022-11-04,1359.120361328125,1364.9104934069014,1347.5849165055247,1364.9104934069014,4509682
2022-11-07,1353.240234375,1371.598297862103,1338.5628351175721,1365.763237456549,4898592
2022-11-09,1356.606689453125,1372.5858226539308,1347.5399247059643,1372.5858226539308,3334755
2022-11-10,1348.3031005859375,1357.3250470132657,1333.0870997451718,1333.0870997451718,3435763
2022-11-11,1409.4813232421875,1412.5335307351531,1388.430263614367,1388.430263614367,7214098
2022-11-14,1423.12646484375,1428.602422973989,1408.0001044253945,1414.014771210018,4908813
2022-11-15,1430.9365234375,1434.392653098893,1411.8603621306952,1416.4386189277827,3497614
2022-11-16,1438.83642578125,1444.4021328641024,1430.4877555742369,1433.764388917107,4497697
2022-11-17,1425.01171875,1438.8363470236297,1421.0168803841925,1433.8091297730527,3469515
2022-11-18,1430.39794921875,1434.527355233414,1414.3290664394517,1428.8717905380126,3126064
2022-11-21,1407.7757568359375,1425.4156170914362,1404.0503824610678,1420.2538323357628,3071764
2022-11-22,1422.9022216796875,1425.550398044472,1402.210152232661,1408.4940645666102,3399329
2022-11-23,1421.196533203125,1429.141171694554,1417.7404034167669,1426.3583182139566,3245067
2022-11-24,1463.07421875,1468.639925244856,1422.6327148727294,1426.4479469523692,5282215
2022-11-25,1468.32568359375,1475.8214702395546,1448.710925020796,1464.5104516907584,4563255
2022-11-28,1457.3289794921875,1484.3497790755966,1454.276771758371,1461.4583854460668,3825766
2022-11-29,1462.40087890625,1471.1085408527335,1449.8330561316118,1455.3538334700106,3131710
2022-11-30,1467.6973876953125,1477.3926101335646,1448.12755589009,1454.2318618548122,11868134
2022-12-01,1487.581298828125,1501.4956736223694,1483.2723968995363,1486.7733454719162,5407928
2022-12-02,1470.345703125,1491.800796645968,1466.799715499316,1486.5940827164045,4283343
2022-12-05,1472.00634765625,1476.5846043633042,1457.2391986740056,1470.4353696971718,3824966
2022-12-06,1447.9029541015625,1459.6628233200083,1443.1002723866409,1458.7651217066502,4822398
2022-12-07,1441.260009765625,1457.6879939155688,1433.3601913539392,1443.5042639072717,4898087
2022-12-08,1454.4114990234375,1457.7778805554876,1434.976234395189,1441.260146588349,4206837
2022-12-09,1408.76318359375,1461.4582243868986,1401.4019646254637,1461.4582243868986,8880658
2022-12-12,1388.923828125,1405.7557325970877,1373.528333834033,1391.4374363592497,8037679
2022-12-13,1411.321533203125,1416.1242146452848,1383.492784769525,1388.9238134722627,6135067
2022-12-14,1417.8302001953125,1425.9992644015567,1412.0848869396593,1420.1642028852773,4976020
2022-12-15,1382.9093017578125,1409.3914987080593,1378.19636840226,1408.7631514270713,6443866
2022-12-16,1366.4815673828125,1390.9888691230103,1357.3699822373837,1368.995176129455,9630453
2022-12-19,1353.1505126953125,1361.7236069848582,1342.108848537671,1353.6891117498556,6222740
2022-12-20,1353.105712890625,1360.9156732509964,1330.7977396833635,1347.4501487795155,7396259
2022-12-21,1355.125732421875,1365.4043737163634,1348.662214015589,1360.018163169159,6236361
2022-12-22,1366.346923828125,1373.4386796309227,1357.100552434212,1365.8531440573202,6302640
2022-12-23,1343.94921875,1355.4398445619386,1340.2686636264464,1354.362536751784,6283822
2022-12-26,1348.7071533203125,1355.439916556154,1343.2760138103065,1347.0014980506858,4115459
2022-12-27,1359.88330078125,1365.808109659706,1344.3081993200292,1355.4845408502367,4860076
2022-12-28,1355.6641845703125,1368.9501033965662,1345.2059383085596,1351.1307473515324,5029860
2022-12-29,1362.3072509765625,1365.673632332556,1347.4502440923538,1350.1433491771486,4624745
2022-12-30,1353.9136962890625,1373.8427403112848,1350.1883218006867,1371.688234257162,5060544
2023-01-02,1368.097412109375,1370.3416663943312,1350.188306748515,1359.1203949695496,3801140
2023-01-03,1366.7957763671875,1375.862541681665,1360.1078329075388,1364.3719160112378,4551130
2023-01-04,1341.884521484375,1365.4042617792377,1338.5629595029297,1365.4042617792377,7059590
2023-01-05,1324.2894287109375,1351.8489350836053,1318.948147732721,1351.8489350836053,9868404
2023-01-06,1300.32080078125,1324.109893788294,1298.5253975354353,1319.6213856737572,6443714
2023-01-09,1332.5931396484375,1336.9918995481128,1300.051455589557,1300.051455589557,11498717
2023-01-10,1319.39697265625,1332.0994726561996,1305.3031008773605,1330.3938176401173,7158624
2023-01-11,1320.74365234375,1341.1663664241717,1314.2353148895497,1319.621525196474,6173092
2023-01-12,1329.13720703125,1333.087116700985,1306.156063838339,1330.3490824935222,6591385
2023-01-13,1349.8291015625,1363.9679024832087,1317.8260159746374,1331.7403914839063,11610426
2023-01-16,1369.4437255859375,1371.687979479064,1348.617093290805,1355.5293514485516,6073063
2023-01-17,1382.01171875,1384.435469422026,1368.097342887301,1370.7904478929847,5922644
2023-01-18,1387.30810546875,1393.0982370846807,1382.1013922396473,1386.7245774992048,5843098
2023-01-19,1381.4730224609375,1391.0335664749514,1370.0273269921345,1382.3707240663339,6165284
2023-01-20,1369.48876953125,1386.9490224533192,1368.097288167546,1380.665111024728,6496429
2023-01-23,1389.6422119140625,1394.4000746897525,1371.777926420586,1377.9720899793838,4855020
2023-01-24,1393.1431884765625,1408.3143680159328,1391.213108045872,1400.4145497993616,5200802
2023-01-25,1385.1536865234375,1396.8238083152746,1381.338454399183,1388.744493228618,4158617
2023-01-27,1363.743408203125,1392.2902533470308,1353.195414398124,1387.8466742580101,6209955
2023-01-30,1381.38330078125,1386.0513053859913,1364.5064664421677,1372.4062845546568,6964719
2023-01-31,1376.849853515625,1390.4500549143277,1358.2225449839548,1390.4500549143277,9448126
2023-02-01,1392.425048828125,1395.9710362007636,1371.7330909295972,1384.4354819888624,6194199
2023-02-02,1421.7349853515625,1424.607586792744,1393.2329580209157,1393.2329580209157,6916834
2023-02-03,1435.783935546875,1440.4968688634683,1412.0845918097493,1434.0782806205177,7040194
2023-02-06,1409.2568359375,1434.527157913661,1401.8507977317506,1434.527157913661,4570612
2023-02-07,1402.5692138671875,1414.822864476851,1396.0159473630506,1408.494023406654,4336238
2023-02-08,1427.79443359375,1439.0157038986365,1405.3518929839772,1405.3518929839772,7983338
2023-02-09,1451.5836181640625,1454.0522977867906,1423.79979497045,1432.9113793663391,6904911
2023-02-10,1443.998046875,1450.955234729636,1433.1357691390035,1447.9478465069383,4786762
2023-02-13,1407.1024169921875,1433.6295447624907,1405.8007934239577,1433.6295447624907,4001199
2023-02-14,1430.2630615234375,1432.7317409015575,1416.7077894001222,1422.5876690783793,5043736
2023-02-15,1433.6744384765625,1435.424912829853,1414.7777752469344,1421.9593883192538,3465747
2023-02-16,1437.9385986328125,1449.2944372484508,1434.3926112378667,1436.3226917714796,4290289
2023-02-17,1421.7799072265625,1431.8341218036317,1414.328939750233,1430.9364201598676,2857734
2023-02-20,1429.544921875,1439.0157179378093,1420.6128344582553,1422.8121596263827,2417716
2023-02-21,1417.919921875,1437.8040376627282,1414.7779657328267,1435.1557517361134,2723288
2023-02-22,1402.0303955078125,1413.8800127338295,1396.1953351378,1403.1075935891906,3656244
2023-02-23,1392.0660400390625,1409.257050222941,1389.7769663588479,1409.257050222941,4766854
2023-02-24,1392.0211181640625,1408.4939219116857,1386.9490818059621,1400.4146068720393,2790986
2023-02-27,1354.9012451171875,1382.4606439922532,1348.3479787508859,1382.4606439922532,4920268
2023-02-28,1335.376220703125,1368.0974041544362,1329.7655850233577,1360.5566878842833,9679811
2023-03-01,1343.0067138671875,1347.3156164114991,1329.94510989306,1339.7300806437838,5125043
2023-03-02,1321.551513671875,1336.3186620674148,1317.197682560526,1333.0869580251103,4644499
2023-03-03,1327.969970703125,1337.3958371481567,1322.3144070030216,1334.6578035381822,4615015
2023-03-06,1353.240234375,1364.8655358556944,1340.40316723241,1341.6599713901492,6561742
2023-03-08,1339.999267578125,1342.961726985448,1329.585949900398,1338.0692966126087,4137080
2023-03-09,1328.95751953125,1345.0712200119858,1323.7508062262864,1342.0639414577045,5104656
2023-03-10,1321.012939453125,1323.481619051477,1308.5348642940003,1310.6444413069564,3699580
2023-03-13,1288.2916259765625,1327.0724033065608,1281.9179661287412,1314.4147222773474,8798403
2023-03-14,1274.7362060546875,1300.1860231815615,1266.6568920726509,1293.58793867944,7402784
2023-03-15,1274.4222412109375,1295.2488768323813,1271.9086326160925,1290.8950455008883,7556182
2023-03-16,1260.4630126953125,1272.7615924925153,1255.6154013001644,1272.7615924925153,7323117
2023-03-17,1275.36474609375,1295.2937893448818,1267.016186133299,1283.7134156369266,9090018
2023-03-20,1260.0589599609375,1274.4670058884406,1243.1821248798633,1274.4670058884406,8221829
2023-03-21,1248.4337158203125,1261.2708940195814,1247.8053684606537,1255.8846837960104,8536755
2023-03-22,1247.132080078125,1263.2907105920037,1240.7584199586402,1259.475478387338,8356487
2023-03-23,1233.93603515625,1242.3743442878756,1229.8514481922973,1242.3743442878756,7607718
2023-03-24,1239.411865234375,1255.8397404782686,1236.584082982878,1246.0099507660507,7559127
2023-03-27,1246.8626708984375,1252.9670859905164,1233.5318232273341,1244.4389202610448,4170193
2023-03-28,1236.673828125,1254.9869645456447,1235.1028501650894,1249.6905026499728,6633366
2023-03-29,1242.0152587890625,1247.7156427956638,1224.9589261056296,1237.9306721291487,8813966
2023-03-31,1281.873046875,1283.6684502024389,1251.3063709749888,1260.37313586201,8711975
2023-04-03,1266.522216796875,1288.2017312639566,1261.4053617670984,1288.2017312639566,5242764
2023-04-05,1277.9232177734375,1281.469095430332,1256.7823002469104,1256.7823002469104,7506334
2023-04-06,1276.44189453125,1282.2769547830226,1266.0733974815537,1271.1454333092524,6948465
2023-04-10,1281.558837890625,1287.304150296638,1270.247819156027,1278.2822049918059,4993788
2023-04-11,1262.30322265625,1286.7206641982061,1246.907617130072,1282.7259356078043,6942255
2023-04-12,1282.187255859375,1285.0598571838073,1256.7822564144815,1268.4973062805743,5831169
2023-04-13,1247.087158203125,1266.7020280205386,1241.5214514944475,1265.534971977077,11267238
2023-04-17,1129.5780029296875,1132.136430654267,1064.0457840517952,1122.3963899019734,53171705
2023-04-18,1130.5205078125,1140.0361230223534,1124.9098727143887,1140.0361230223534,12430884
2023-04-19,1106.1478271484375,1126.0319387762609,1103.634328510182,1126.0319387762609,11307230
2023-04-20,1098.248291015625,1111.2200368576048,1096.4528876003903,1104.801447731595,8621249
2023-04-21,1101.7943115234375,1107.0907742004015,1095.1962250350616,1102.467587891287,8691352
2023-04-24,1100.8516845703125,1104.1731371660935,1093.4007163156925,1102.3777336910266,8313774
2023-04-25,1099.5948486328125,1109.1104648607622,1090.707579769993,1100.5373696805075,6808576
2023-04-26,1101.9737548828125,1106.8661852668383,1095.6898430443146,1102.3776768107684,5680192
2023-04-27,1118.7606201171875,1120.152101431663,1100.0435636550399,1104.1729691026203,8020704
2023-04-28,1124.595703125,1130.2063382433646,1117.5935866641942,1127.2438790677813,10118277
2023-05-02,1146.7689208984375,1148.833678512012,1126.2116409241175,1126.2116409241175,8886401
2023-05-03,1139.318115234375,1142.3253939620522,1132.9892745231455,1136.4903330105763,5549783
2023-05-04,1143.26806640625,1145.2878952710685,1133.3484185926052,1139.13855083866,4505401
2023-05-05,1130.296142578125,1148.1604275980321,1125.9423114267645,1148.1604275980321,5373791
2023-05-08,1136.1312255859375,1140.3504892363796,1126.7951061867552,1133.3034433741707,5260842
2023-05-09,1140.709716796875,1141.8767730552663,1131.7326981407803,1136.4905618616094,4969897
2023-05-10,1134.0216064453125,1145.8264050289897,1130.3410516063245,1145.8264050289897,6515734
2023-05-11,1127.60302734375,1145.3775639523772,1124.8651030446258,1140.305527683217,6888461
2023-05-12,1117.8179931640625,1127.513214317715,1112.2972159671344,1125.1342831512181,8292212
2023-05-15,1129.6229248046875,1139.0937216777986,1118.2221569213568,1122.0373891886634,5534710
2023-05-16,1134.9642333984375,1143.6269666049225,1133.5727520158546,1135.5925807167341,5236469
2023-05-17,1119.34423828125,1131.9568810406574,1115.3494000856915,1131.6427073715677,10465667
2023-05-18,1118.5362548828125,1130.7899043107132,1115.3493701951222,1129.8472737459822,6948732
2023-05-19,1139.0936279296875,1143.043537044953,1124.6406535054546,1127.5581838226922,11094136
2023-05-22,1160.5487060546875,1163.0622048581356,1140.3054905530537,1142.7292411104354,7625947
2023-05-23,1167.05712890625,1179.714700851119,1164.3640238293533,1166.293994801615,7436031
2023-05-24,1165.80029296875,1171.500676643536,1159.202207626038,1163.6907159656682,4824077
2023-05-25,1170.9171142578125,1173.2960455245018,1157.361841386736,1162.0747750049484,4334121
2023-05-26,1182.677001953125,1188.063211884976,1172.398361832931,1172.398361832931,5521606
2023-05-29,1179.9390869140625,1196.3669615854992,1175.8545005172648,1196.3669615854992,4419365
2023-05-30,1188.4222412109375,1190.7114241239608,1175.2260715243845,1180.4776039676979,6274719
2023-05-31,1183.4403076171875,1194.930824721551,1179.7148232909426,1184.8316796350223,17800782
2023-06-01,1184.5174560546875,1193.4944735314186,1183.2606516913986,1187.2554902181837,4277841
2023-06-02,1181.7880859375,1194.4338775054596,1179.104315999841,1190.8857617337856,10909311
2023-06-05,1186.791748046875,1191.2950529177192,1180.2414662246276,1186.3368642798964,5002553
2023-06-06,1163.5926513671875,1172.326397297681,1158.1340462786784,1172.326397297681,10008100
2023-06-07,1172.644775390625,1177.2391456905614,1166.7768194344242,1174.0549594386935,5397578
2023-06-08,1167.0499267578125,1175.4197442918237,1165.5032551977433,1170.1430477667195,5034942
2023-06-09,1151.7203369140625,1166.777036268273,1149.9463343805824,1166.777036268273,5339073
2023-06-12,1175.3741455078125,1178.785773831074,1158.1340948031748,1158.5889785796096,4785588
2023-06-13,1187.1103515625,1188.6114904665221,1180.0142301930907,1182.60704590606,4846587
2023-06-14,1183.0616455078125,1188.7931139611715,1176.5112530610595,1188.4747175563625,3457981
2023-06-15,1170.6890869140625,1177.1938369363772,1166.9135288571645,1177.1938369363772,6161155
2023-06-16,1175.101318359375,1184.0625068222432,1165.4578042106698,1170.8708768960637,8536287
2023-06-19,1177.2392578125,1182.2429795419966,1170.9164175038359,1177.2392578125,4451787
2023-06-20,1185.7911376953125,1187.2467436756685,1174.6009515510648,1177.2392998592454,4009180
2023-06-21,1182.1063232421875,1186.1548550598825,1178.1488570146864,1182.6521615053605,4041529
2023-06-22,1165.9127197265625,1173.0543732215287,1158.5890460770524,1173.0543732215287,6676607
2023-06-23,1150.85595703125,1163.9110992338817,1149.354818354435,1161.27275111336,7239467
2023-06-26,1155.7232666015625,1159.0439406048426,1148.3541711369407,1155.6323120512568,3403244
2023-06-27,1163.7293701171875,1166.3221858386987,1159.2259533902843,1164.502650447375,3240024
2023-06-28,1176.64794921875,1179.695648586696,1165.7762703962558,1173.600249850804,5662358
2023-06-30,1214.99462890625,1218.0878609550978,1186.7463005247835,1190.1579290222737,12821692
2023-07-03,1213.35693359375,1224.5471188494619,1208.5806539697087,1209.9908380904787,7732412
2023-07-04,1223.77392578125,1224.5472060405089,1211.2646211133026,1223.0006455219911,5797775
2023-07-05,1225.72998046875,1235.4189169481579,1219.9983999394044,1235.327962395677,5414936
2023-07-06,1222.63671875,1225.8663271465525,1216.4957873550766,1221.4085546821386,5963897
2023-07-07,1210.1728515625,1224.365315371182,1205.7605007879629,1213.6300129632032,6295647
2023-07-10,1209.2176513671875,1220.817188493727,1200.2564625432983,1215.9499539497926,3940315
2023-07-11,1226.91259765625,1229.0051076173486,1207.2616391546826,1213.129595917475,6126128
2023-07-12,1212.9931640625,1229.9148189122855,1207.26158386156,1229.0960058756348,8102770
2023-07-13,1241.923828125,1252.5681765318216,1210.7642853266614,1214.448888824335,9977644
2023-07-14,1297.283203125,1300.9678067201296,1256.0707930839553,1256.0707930839553,12833381
2023-07-17,1294.5535888671875,1327.3052180870611,1286.6841890241146,1297.282891302177,11569884
2023-07-18,1342.089111328125,1344.5909722136412,1300.0578928736984,1304.6067308473641,16743977
2023-07-19,1341.8616943359375,1363.559740717556,1328.8975058703597,1351.9146708665796,13687062
2023-07-20,1318.7081298828125,1338.2681331891117,1310.7021306189188,1338.2681331891117,8347221
2023-07-21,1211.4464111328125,1228.186155763225,1187.2466172377842,1201.075039161913,45548305
2023-07-24,1215.9954833984375,1228.0954382086932,1213.8575515184493,1219.9984834822862,8859789
2023-07-25,1214.17578125,1221.681363730559,1204.759709076421,1216.359245637285,6801982
2023-07-26,1227.1400146484375,1228.186269607745,1218.5427551834298,1221.817896357927,5528885
2023-07-27,1231.0521240234375,1240.7411717559758,1225.5025635415454,1236.0103133187197,9191861
2023-07-28,1219.54345703125,1240.7865080925476,1215.4495028674003,1231.6888321728816,6122735
2023-07-31,1233.3719482421875,1235.0095744205735,1212.9477090948283,1227.0491075504592,7902180
2023-08-01,1242.0146484375,1245.471809643269,1234.55459874793,1239.1034366209878,6064652
2023-08-02,1234.418212890625,1248.1556821855895,1226.776142424458,1245.7448867591504,7419145
2023-08-03,1241.1959228515625,1243.2428998554956,1227.2764348025732,1228.186202359877,6503741
2023-08-04,1253.9781494140625,1260.8469392172133,1239.1034713632262,1245.380890015176,5712345
2023-08-07,1267.30615234375,1269.1256873794193,1252.7498720583947,1262.666360213914,3729093
2023-08-08,1264.7589111328125,1267.8067215289614,1259.482325527499,1267.1698175564386,4161877
2023-08-09,1268.579833984375,1270.0354397844685,1257.7535784398478,1259.1182297003613,4090828
2023-08-10,1263.758056640625,1269.8535657391153,1260.5738702782457,1266.0324754708959,3873025
2023-08-11,1248.064697265625,1270.8088879474917,1243.6978792880777,1266.3965371663332,5783517
2023-08-14,1267.8065185546875,1269.125636980922,1242.3784508076233,1248.0644975682906,4304135
2023-08-16,1290.50537109375,1291.824489722674,1278.5874374632606,1283.5002048304689,7735313
2023-08-17,1284.1824951171875,1291.8699868845008,1279.1332405349353,1291.8699868845008,5618346
2023-08-18,1263.4852294921875,1281.5895150593437,1261.0743232513742,1277.0406772674733,5134103
2023-08-21,1278.5872802734375,1280.042886077757,1261.9840232223223,1264.3493965362918,3032722
2023-08-22,1277.0863037109375,1279.178813670877,1270.6269757839684,1277.9505385325194,2890714
2023-08-23,1280.9073486328125,1288.7768612022073,1278.8149496217914,1288.2310228104463,2559125
2023-08-24,1295.14501953125,1296.4642490688886,1286.820624510391,1293.2345299499723,5171963
2023-08-25,1291.9609375,1294.14440193583,1284.0460038576823,1285.5016097963642,4307172
2023-08-28,1287.91259765625,1296.2369938760085,1284.0460851385783,1291.9610192819164,3133464
2023-08-29,1289.73193359375,1295.8728642902074,1287.5940021549932,1295.508935074852,3074444
2023-08-30,1305.653076171875,1307.0177276584382,1295.5091445772975,1298.2384475504239,3070887
2023-08-31,1305.9259033203125,1314.5232740786394,1299.7395500542452,1305.653039664003,9792735
2023-09-01,1313.56787109375,1315.5238935615507,1299.32998654913,1301.831847342556,3582133
2023-09-04,1332.9005126953125,1337.3583962271932,1305.243554943164,1312.794670582204,4609014
2023-09-05,1345.4552001953125,1346.5014550487228,1325.0763856474239,1332.8094095252152,5496840
2023-09-06,1344.1361083984375,1349.094408496813,1331.2629855860807,1348.184640888555,5075786
2023-09-07,1333.9012451171875,1340.4516386395803,1330.1257983242597,1337.9042448716023,4411743
2023-09-08,1336.9945068359375,1341.6798324116455,1328.4426687748935,1331.4449464210497,3125838
2023-09-11,1343.226318359375,1344.6820353527714,1332.3546400444875,1336.994432557999,4182226
2023-09-12,1365.6522216796875,1368.2905701230975,1343.8177976883615,1348.7305652975347,6793161
2023-09-13,1363.150146484375,1369.2001227261467,1354.3254459295783,1369.2001227261467,4804686
2023-09-14,1370.97412109375,1376.068908054887,1363.878001064633,1369.200118850372,6444213
2023-09-15,1375.204833984375,1381.3912987705646,1372.8394601739947,1381.0273694792074,8657816
2023-09-18,1357.19140625,1369.1093400919283,1353.7342448047293,1369.1093400919283,3991916
2023-09-20,1355.78125,1360.193600922578,1342.9989700048607,1342.9989700048607,4169337
2023-09-21,1366.243408203125,1368.790801746706,1342.8168939622524,1352.4149859666784,6779195
2023-09-22,1361.148681640625,1370.9741041105199,1351.186660777571,1357.2821697249913,5455613
2023-09-25,1341.1337890625,1355.4170944618959,1338.768415761757,1355.4170944618959,4217863
2023-09-26,1328.85205078125,1346.3650768655104,1327.3509120486192,1345.682751173916,3996528
2023-09-27,1334.6290283203125,1336.994401796738,1319.2085123948889,1324.6215850268404,3863586
2023-09-28,1309.5650634765625,1339.7238847615324,1305.5166416581312,1335.4480210194674,5814602
2023-09-29,1305.9259033203125,1316.251854791077,1288.2309672949007,1302.8782039633304,6068968
2023-10-03,1304.606689453125,1307.3359921507258,1292.142918222993,1306.4717573853966,4181867
2023-10-04,1314.022705078125,1319.1173810169118,1290.2322620419864,1296.41872564626,4510406
2023-10-05,1331.3992919921875,1342.4985228636597,1319.3448718155562,1320.982497846701,7384621
2023-10-06,1345.2733154296875,1350.5500119701062,1331.2629831328265,1336.9034978713848,3598672
2023-10-09,1342.3165283203125,1356.4634585781648,1330.2621079137662,1332.7185470073355,3567552
2023-10-10,1360.239013671875,1361.9220614766054,1336.5395238912695,1350.0041284403374,5688951
2023-10-11,1359.556640625,1381.254574348816,1347.7750842911132,1361.9220140294271,7220129
2023-10-12,1333.2642822265625,1368.6542604790434,1320.9824208754478,1357.2821666354187,11081662
2023-10-13,1302.013916015625,1308.2458018313064,1273.6746332154582,1278.2234711912276,17973439
2023-10-16,1304.7431640625,1313.340423053773,1300.9676064898863,1302.8780961484347,4850745
2023-10-17,1312.294189453125,1322.2106781963569,1308.2913009819003,1310.2927452175127,3923764
2023-10-18,1310.5657958984375,1322.8021260257406,1308.5642404911625,1311.8849145317179,4264837
2023-10-19,1304.2882080078125,1309.7468130472434,1297.4194189109537,1297.4194189109537,6795691
2023-10-20,1298.4656982421875,1308.7005828841384,1296.6461631947295,1300.9675589324422,3928622
2023-10-23,1281.544189453125,1303.1056377818345,1278.4509573114844,1296.9647063021316,2636516
2023-10-25,1262.560302734375,1292.5104566531788,1254.4967997562355,1289.2389333048216,6940777
2023-10-26,1252.7918701171875,1266.2003688015045,1246.9400932403355,1248.7371699932087,6357656
2023-10-27,1272.052001953125,1276.3371998881837,1256.6622771033196,1256.6622771033196,4634358
2023-10-30,1269.010986328125,1272.0520110993787,1256.1553924305153,1272.0520110993787,2667696
2023-10-31,1261.0396728515625,1272.7893480503349,1256.0633173275878,1271.6834287710847,3451595
2023-11-01,1247.90771484375,1269.379603358429,1245.6038569027073,1265.3249033766447,3090672
2023-11-02,1262.6524658203125,1268.3199791238953,1254.819348447591,1262.5142118386507,3758060
2023-11-03,1280.069580078125,1282.7880874213406,1269.6560973022642,1271.7756915818663,3349045
2023-11-06,1293.2017822265625,1296.8418333328405,1281.6824907597581,1284.5392525449095,2736381
2023-11-07,1294.1231689453125,1295.5976155760281,1285.4145181543718,1290.1604881630135,2272209
2023-11-08,1281.86669921875,1294.7683051059266,1277.6736323081873,1294.7683051059266,3550635
2023-11-09,1266.9376220703125,1287.8566074771882,1262.5602919196745,1286.3821608724284,5498051
2023-11-10,1261.4544677734375,1265.4171487849635,1254.2203756878132,1262.4681428598753,2943649
2023-11-13,1265.7857666015625,1273.9874114709824,1263.2975323492624,1271.5914215374528,3462092
2023-11-15,1299.8367919921875,1303.0621934611509,1283.7097846473714,1289.2390443084512,8551860
2023-11-16,1331.537841796875,1339.3709592887674,1299.9288638617754,1304.9973516506468,6673907
2023-11-17,1324.764404296875,1337.1591147047359,1322.4605464148888,1327.9898053316556,4901251
2023-11-20,1323.888916015625,1338.0807035519097,1321.1704086192708,1328.8652717092657,3584210
2023-11-21,1326.1007080078125,1336.2376835381015,1324.0272357402534,1328.8653376978914,3793135
2023-11-22,1343.4256591796875,1344.4853438157159,1323.5202369954038,1323.5202369954038,3108786
2023-11-23,1335.54638671875,1352.7331886634922,1334.1179498640734,1352.7331886634922,3186928
2023-11-24,1324.6263427734375,1338.679877895318,1321.3548191084903,1332.1369430585005,2973195
2023-11-28,1329.5103759765625,1331.6299704076575,1315.088314388403,1330.7084271755414,3755373
2023-11-29,1345.08447265625,1346.0981477081089,1336.0534165206054,1337.251355220777,3875778
2023-11-30,1340.983642578125,1346.0521303013406,1335.8230230312827,1339.2326879569457,10120867
2023-12-01,1338.357177734375,1345.3608832594507,1332.6896647955414,1345.3608832594507,3489187
2023-12-04,1349.4617919921875,1356.4194883018783,1335.592634024112,1345.8677509348179,5511948
2023-12-05,1339.877685546875,1351.8117374373267,1328.8652893459846,1350.798062419795,5123039
2023-12-06,1358.63134765625,1361.1194695973477,1337.2054656873006,1342.4582175598755,5269178
2023-12-07,1350.8902587890625,1357.2949393135057,1347.1119540015106,1357.2949393135057,4424453
2023-12-08,1374.1593017578125,1377.4307129471217,1351.2128512985264,1355.0372784572535,6323433
2023-12-11,1371.717041015625,1380.471701337861,1365.727010268832,1373.0993558033465,3862018
2023-12-12,1360.2437744140625,1373.0992560083268,1352.5027896668134,1361.5799669478545,6103494
2023-12-13,1335.316162109375,1360.2439518858023,1320.7097241735976,1360.19782972632,8549258
2023-12-14,1383.6510009765625,1392.4517835867966,1346.697140932601,1348.5863495012065,12489858
2023-12-15,1454.5638427734375,1463.917528966799,1401.6672393803897,1403.5564479809898,18395389
2023-12-18,1441.6162109375,1468.0184484698,1437.884028140626,1444.9337442546357,6467243
2023-12-19,1436.0408935546875,1450.4629554436433,1422.1716226248461,1446.915036424613,4221721
2023-12-20,1415.85888671875,1459.2635456213156,1409.9609881911038,1442.2611198785871,6592367
2023-12-21,1415.4903564453125,1425.3048140325604,1401.897594233354,1401.897594233354,5319038
2023-12-22,1440.2799072265625,1443.1366686825568,1403.5103106025122,1414.522706978693,6741060
2023-12-26,1422.816650390625,1426.5489455360587,1403.5103643743007,1414.5688833319446,6878067
2023-12-27,1444.1502685546875,1446.8227662265847,1422.862643983342,1422.862643983342,4225849
2023-12-28,1440.0494384765625,1445.855092876647,1432.9996108186176,1445.855092876647,5702253
2023-12-29,1421.84912109375,1437.1005945803086,1419.1766231359832,1420.1442885580782,4388990
2024-01-01,1429.6361083984375,1434.8428502960069,1414.7992844681723,1418.255071679868,2808451
2024-01-02,1414.015869140625,1427.6086309615123,1403.5102544550214,1424.7057474638627,5396313
2024-01-03,1373.0994873046875,1400.6996635455614,1371.2564007445471,1400.6996635455614,7550363
2024-01-04,1394.018310546875,1400.5152349032498,1375.7718232468026,1386.8763509676678,7056038
2024-01-05,1412.31103515625,1418.8999788505123,1388.07440470264,1388.5351762892633,8895403
2024-01-08,1403.3260498046875,1415.4903752195028,1394.52526712299,1408.9934505703893,4440136
2024-01-09,1409.3160400390625,1431.1565685607613,1406.1366485499625,1420.9274616897512,4412074
2024-01-10,1400.6534423828125,1414.983370728282,1386.9224270844938,1405.3071677486228,4096845
2024-01-11,1376.9698486328125,1405.3534251009314,1369.9661425866611,1405.261293276588,11296088
2024-01-12,1486.2188720703125,1491.056974118596,1433.3683893367258,1439.450552270239,26754401
2024-01-15,1522.4815673828125,1534.3233755421343,1507.6447436874366,1515.8925107048797,13228305
2024-01-16,1503.5439453125,1519.1640585147397,1497.5077919845023,1515.7543934625273,6500917
2024-01-17,1511.51513671875,1518.2424471875822,1493.1303945709744,1493.1303945709744,9209876
2024-01-18,1513.7269287109375,1519.6248280436816,1500.5028054955274,1513.7730508709333,6375464
2024-01-19,1529.0244140625,1534.830181149936,1515.1552565650597,1522.0207083253042,4522736
2024-01-23,1513.312255859375,1543.3084208611072,1509.2113209406687,1520.6384796288353,9401255
2024-01-24,1543.95361328125,1548.1926898142694,1515.9386754431387,1529.669692631178,8999681
2024-01-25,1538.147705078125,1548.6994420250173,1527.9185982399085,1541.6956238359799,8865304
2024-01-29,1526.628662109375,1547.593772923592,1518.3347721169375,1534.5079025994237,4253785
2024-01-30,1521.8824462890625,1557.4079810311105,1518.9335530973535,1532.0194213135253,4995943
2024-01-31,1530.5911865234375,1536.4429635862402,1509.5799556993886,1518.93364206389,6763779
2024-02-01,1527.043212890625,1545.4279548337279,1520.8688059210901,1529.3470709031976,5760011
2024-02-02,1560.4951171875,1583.6719506012253,1534.3693906028748,1535.3370559365164,7858483
2024-02-05,1554.82763671875,1567.3145920332188,1549.8974031142452,1561.7853328521521,3634135
2024-02-06,1593.7628173828125,1597.034340689009,1542.6171705805966,1554.4129683538292,7694265
2024-02-07,1560.86376953125,1593.3481668011993,1554.5050990563916,1593.3481668011993,4613877
2024-02-08,1559.3433837890625,1572.4753757160167,1550.7730986588967,1564.7805117170838,5919715
2024-02-09,1538.378173828125,1560.080561966992,1529.577503446997,1552.5238399589869,4600004
2024-02-12,1548.284912109375,1560.1267212932257,1539.2998647238455,1539.2998647238455,3555808
2024-02-13,1552.385498046875,1556.5784517207164,1532.9869704954424,1550.9570612226205,2696481
2024-02-14,1535.4752197265625,1538.4702350970776,1507.1838887623073,1529.9459605809961,3768579
2024-02-15,1544.828857421875,1555.3344719693396,1531.2360957797196,1545.4278829759044,4834391
2024-02-16,1568.14404296875,1574.917363137815,1555.5188333576436,1556.486498735968,4880654
2024-02-19,1566.39306640625,1577.2211990906292,1555.2884257624896,1571.2311682439513,3690993
2024-02-20,1553.03076171875,1561.324650966914,1537.8252980971156,1552.800375906301,3706389
2024-02-21,1525.6610107421875,1542.663439133254,1516.2151921931338,1542.663439133254,4300508
2024-02-22,1549.4366455078125,1552.4316609246032,1515.3856690741432,1534.3694366019563,5841277
2024-02-23,1545.2896728515625,1565.194983220865,1540.728079066558,1563.8587905950133,5373072
2024-02-26,1529.9000244140625,1543.5387967991637,1515.938621902185,1543.5387967991637,2782438
2024-02-27,1533.079345703125,1539.9909201570279,1523.1267459853489,1530.6833557243867,5159088
2024-02-28,1540.1290283203125,1555.3806128350852,1531.6508761234932,1538.9770993537304,3188916
2024-02-29,1542.571044921875,1550.2659074446117,1523.587279224107,1534.3692886879348,7814722
2024-03-01,1524.87744140625,1540.774061120071,1521.467776667757,1538.05555376044,6387291
2024-03-04,1508.7506103515625,1533.862664687169,1505.4791992091916,1527.7805015485362,4445156
2024-03-05,1480.4591064453125,1508.8886908149464,1476.3121621695554,1505.8015436860508,4596579
2024-03-06,1490.642333984375,1493.0383239437163,1452.3521668225044,1477.0495710017406,6420684
2024-03-07,1489.6285400390625,1500.6870590284748,1478.3396352373709,1489.7667940250446,6348359
2024-03-11,1475.0220947265625,1487.186533050453,1463.4106723438592,1481.9797912201366,6752895
2024-03-12,1486.403076171875,1497.5077168540815,1472.303532549028,1474.4691365947879,4614222
2024-03-13,1484.974609375,1497.0468017752844,1473.1328027552288,1486.3569240580796,5688997
2024-03-14,1523.58740234375,1527.6882245455754,1481.8414508033693,1487.7393497230903,8803799
2024-03-15,1505.8013916015625,1516.6756449347063,1491.3792199116642,1512.3443249660922,11809997
2024-03-18,1476.9112548828125,1504.5575513115562,1473.4093456712776,1502.11543929507,4958904
2024-03-19,1438.943603515625,1473.5475961267095,1435.764324431153,1467.4193112677192,6870411
2024-03-20,1432.95361328125,1451.3844780457566,1430.5576233604784,1440.3720813461923,4759059
2024-03-21,1432.72314453125,1453.2274803947662,1422.3097740379771,1441.2935411478331,11062497
2024-03-22,1390.4703369140625,1408.9473217702673,1380.6558800265154,1401.6671085042765,14673890
2024-03-26,1375.54150390625,1389.1802760076575,1371.164173630106,1374.9424783172167,8351081
2024-03-27,1367.431884765625,1381.3932870499673,1365.3124028550521,1378.628657389427,6857402
2024-03-28,1380.517822265625,1393.189041141791,1370.4729789851785,1370.4729789851785,12499530
2024-04-01,1378.121826171875,1409.9150687111335,1375.6798265220143,1405.353474561426,6580002
2024-04-02,1366.51025390625,1376.0021934625806,1364.6671675840935,1368.3533402284065,7279400
2024-04-03,1364.48291015625,1377.7991638971826,1359.2761687738598,1362.9623414349414,8736248
2024-04-04,1370.0582275390625,1378.3061066574217,1352.8254147328123,1373.6062588459959,11186915
2024-04-05,1363.0545654296875,1370.0582714607572,1360.24392608138,1363.93009899174,5072482
2024-04-08,1360.8427734375,1373.9747637962018,1358.4467836601393,1366.6485404880466,6610887
2024-04-09,1377.56884765625,1395.0321590156452,1370.6112639030227,1373.0993855776476,9423230
2024-04-10,1388.5814208984375,1391.3920603288602,1368.0770834855082,1382.6373994109804,6744595
2024-04-12,1368.26123046875,1388.581302495331,1363.4231287950938,1386.0009366054892,12275616
2024-04-15,1352.9637451171875,1374.8964069734686,1346.420810540168,1363.884010132131,8531224
2024-04-16,1303.4766845703125,1340.9835588768526,1302.1866141339272,1337.1591322439795,16173541
2024-04-18,1307.9002685546875,1331.3534994670702,1297.072135276183,1309.6051010829012,22107945
2024-04-19,1300.52783203125,1314.903883353496,1270.5776782377934,1276.3373231980736,20603621
2024-04-22,1320.341064453125,1324.1193692022916,1302.1867077963823,1308.4992564312556,5859087
2024-04-23,1329.234130859375,1333.3349537089287,1320.5716009990065,1329.7870343625723,4856174
2024-04-24,1318.4979248046875,1330.9848800805114,1315.0882599841418,1330.9848800805114,4268213
2024-04-25,1325.59375,1331.5377710414832,1308.5913232271268,1308.5913232271268,9089398
2024-04-26,1318.0372314453125,1331.9986341616486,1315.0422158870554,1326.7457701482465,8062444
2024-04-29,1322.18408203125,1326.8379201034072,1316.1940513407444,1317.7606297548816,5055957
2024-04-30,1309.098388671875,1323.8430815716633,1306.3337587531646,1322.1381364606618,6936588
2024-05-02,1303.4766845703125,1312.2774667921617,1301.0806948402314,1302.1404919784582,10076354
2024-05-03,1305.1817626953125,1313.0148803966708,1293.109456008172,1310.5266461015717,8842345
2024-05-06,1314.0284423828125,1332.2749298443393,1305.9188174045357,1308.5913151241766,6445422
2024-05-07,1327.8975830078125,1330.1093091097507,1304.5364861962978,1313.1528923189749,6080661
2024-05-08,1315.318603515625,1326.791770914921,1313.751912640343,1322.6448266752147,6234983
2024-05-09,1326.607421875,1336.1913801730982,1313.060670734901,1315.5489046143746,6088406
2024-05-10,1313.1068115234375,1323.289795482951,1302.1404259190676,1322.4604966710783,8777481
2024-05-13,1311.770751953125,1313.199189050727,1300.4818466437416,1313.199189050727,3735954
2024-05-14,1312.9224853515625,1321.2624958851497,1306.7943133773022,1314.4891762078207,3463230
2024-05-15,1308.545166015625,1319.4655424641765,1307.255095585117,1314.120547134986,4327544
2024-05-16,1339.32470703125,1341.5364330774394,1315.0420676637514,1321.4467475230538,9249145
2024-05-17,1330.98486328125,1342.6884167000094,1326.3310252131012,1342.6884167000094,7542860
2024-05-21,1321.631103515625,1331.3533160495845,1316.3322305136044,1317.8066770242508,6752663
2024-05-22,1340.6612548828125,1345.40711294369,1315.9638491315707,1316.6550066153582,7173285
2024-05-23,1356.88037109375,1362.17924504405,1336.237778771356,1340.5689872639355,8641428
2024-05-24,1350.15283203125,1359.7369031866842,1345.4529845154584,1353.0557154211108,5277938
2024-05-27,1355.9127197265625,1363.5154519951307,1345.6836115365593,1356.373491379203,5821844
2024-05-28,1351.9500732421875,1360.1978403527887,1345.7296562893546,1359.7370687266528,6186922
2024-05-29,1337.113037109375,1350.5215354265988,1336.237616082271,1350.4294036068611,7401634
2024-05-30,1315.456787109375,1336.0993771509409,1310.0197722599248,1329.6025651299135,9663150
2024-05-31,1322.4598388671875,1350.5182603744363,1315.9739443356261,1325.1858078435043,37113815
2024-06-03,1321.519775390625,1353.5731158092904,1319.7337879140582,1353.5731158092904,10589244
2024-06-04,1310.0048828125,1330.0734594103187,1276.8234990229753,1324.4335719499218,13736134
2024-06-05,1344.2672119140625,1351.6930870098186,1316.1148183429186,1316.1148183429186,9233424
2024-06-06,1383.8875732421875,1385.8145809499692,1351.2232206049546,1358.2260359203012,12660930
2024-06-07,1441.5555419921875,1447.2894059410087,1388.587609747668,1392.1125402174964,24075302
2024-06-10,1409.7369384765625,1437.9834221145236,1407.434030215548,1433.753506313127,6810606
2024-06-11,1405.9769287109375,1416.0346820025904,1404.2849165946768,1410.018893908781,4853054
2024-06-12,1396.0601806640625,1418.1967861734406,1393.7572723769142,1416.5518188986746,9564320
2024-06-13,1404.28515625,1414.6719965407349,1399.961264790733,1405.2721826102318,7307565
2024-06-14,1399.5382080078125,1413.4498626747718,1396.8592841989566,1413.4498626747718,4237727
2024-06-18,1408.280029296875,1416.5519111720494,1405.6481503320965,1407.152097561087,5420939
2024-06-19,1420.6407470703125,1424.6827126496337,1406.8699977638037,1414.6718886285164,5493456
2024-06-20,1424.44775390625,1426.4216917830183,1409.1260120772156,1425.2937600659554,7927010
2024-06-21,1440.70947265625,1464.256053061363,1432.2496398990345,1452.2712899886412,17301941
2024-06-24,1435.4925537109375,1437.325471461373,1424.4477727552649,1433.0486251290843,5564989
2024-06-25,1449.4041748046875,1451.237207255743,1429.1006009006553,1434.4115183965616,4551525
2024-06-26,1448.229248046875,1455.89011914625,1442.8714001458156,1448.5112883548547,4851004
2024-06-27,1478.919677734375,1483.6666295895413,1440.0985156795878,1446.114304702132,14757754
2024-06-28,1472.7156982421875,1493.1602914681441,1470.3657449978248,1478.1676356666337,8197544
2024-07-01,1495.322265625,1503.876072321398,1465.900805673246,1465.900805673246,6801771
2024-07-02,1523.7569580078125,1535.7417213583608,1491.280553383894,1500.3983274471718,10493173
2024-07-03,1529.7255859375,1537.809402144264,1509.609963229638,1527.4696078755678,7269965
2024-07-04,1551.5802001953125,1560.3690026530594,1530.2896001922775,1530.4775505601317,8008311
2024-07-05,1548.572265625,1565.8679458210338,1535.3185512266714,1552.332191113537,7065022
2024-07-08,1561.9200439453125,1566.008939897241,1541.5694246287367,1544.483343885064,5880533
2024-07-09,1557.6900634765625,1566.7138611771477,1551.9091554243114,1560.2750121000736,5191182
2024-07-10,1549.32421875,1573.5287378659184,1539.2664644712022,1557.5490553427878,9852770
2024-07-11,1553.5072021484375,1565.0690191786375,1543.4964921091096,1556.6091866425368,8857679
2024-07-12,1609.01318359375,1616.5330348972404,1566.6200448190868,1579.1687737330217,17078316
2024-07-15,1604.59521484375,1624.2877782953476,1600.4592739409936,1622.5957659620963,6942230
2024-07-16,1622.454833984375,1633.593589888385,1597.9682742375035,1615.4519041715741,6886281
2024-07-18,1652.5343017578125,1659.4431419133819,1615.827983176718,1615.827983176718,11248896
2024-07-19,1685.3394775390625,1733.3255702708213,1679.2295989019908,1733.3255702708213,29819116
2024-07-22,1702.1651611328125,1713.5859571917674,1685.3394724496927,1692.1074068427617,8462126
2024-07-23,1726.65185546875,1729.5187298905632,1676.2218304432815,1701.36633287668,7113056
2024-07-24,1723.878662109375,1731.7745279912915,1710.3899533806657,1727.2156416274588,6002845
2024-07-25,1715.3248291015625,1721.0117617869892,1703.2460925090763,1710.7659428071297,5815599
2024-07-26,1766.1309814453125,1769.9848820315087,1715.7949342558115,1715.7949342558115,11369047
2024-07-29,1758.799072265625,1788.78450012986,1752.1252276626687,1779.9486525351583,4635931
2024-07-30,1764.4859619140625,1767.1178407699306,1748.365259289592,1758.7990290172347,2721265
2024-07-31,1756.1201171875,1772.0058245898792,1753.1122228334534,1764.344953812893,5004209
2024-08-01,1741.409423828125,1755.7911843622094,1734.3595637121655,1744.699358548906,7475014
2024-08-02,1711.8939208984375,1747.895251074617,1707.147084115294,1732.3855594141,7400938
2024-08-05,1646.7532958984375,1689.6164211011132,1615.4049418548652,1677.8196096487513,10736703
2024-08-06,1646.0013427734375,1689.0994653436978,1640.126459251215,1654.5551502330297,7690163
2024-08-07,1684.1175537109375,1689.9924369566963,1656.341059827465,1688.206449501223,5094329
2024-08-08,1638.528564453125,1673.1198103688212,1623.4418174161967,1673.1198103688212,6227910
2024-08-09,1664.471923828125,1673.8717370362467,1650.6071993461458,1664.9419144885312,4258524
2024-08-12,1689.5224609375,1695.2563240862842,1661.9809621451984,1666.6339385624474,4315329
2024-08-13,1689.5693359375,1701.366147109179,1681.673584839887,1701.366147109179,4176918
2024-08-14,1713.821044921875,1715.4660123309595,1689.5694795075585,1693.8464406687062,7450718
2024-08-16,1747.378173828125,1750.1041425189478,1719.6957707243737,1738.9653871768742,7335657
2024-08-19,1752.8773193359375,1755.46226812506,1738.2135180462226,1748.3653628246682,2585989
2024-08-20,1759.8330078125,1772.5227558229078,1756.0730824760828,1767.1649081160394,3870333
2024-08-21,1760.3028564453125,1766.2247842698705,1755.0389843478197,1762.5588344138969,1966902
2024-08-22,1767.39990234375,1779.9956751616294,1757.4830533776285,1770.9248323444356,4300287
2024-08-23,1750.3392333984375,1769.6088509029312,1745.5453515046195,1765.4729100507645,5015935
2024-08-26,1763.5460205078125,1775.3897624868237,1752.125224235838,1757.7651122966831,3728589
2024-08-27,1786.0584716796875,1788.5494451104064,1761.431007151832,1763.54596510821,3830679
2024-08-28,1822.7177734375,1833.903574209478,1783.5205978872887,1792.450420519267,6514531
2024-08-29,1817.3128662109375,1833.4335688344042,1805.610144647818,1816.9838956969513,7228284
2024-08-30,1827.0416259765625,1832.9635541258785,1812.2839653100993,1821.6837784081808,13466759
2024-09-02,1846.5933837890625,1857.1681741009113,1826.195834151735,1826.712755054023,5573739
2024-09-03,1824.7388916015625,1848.943412636329,1820.226934986873,1848.943412636329,4694322
2024-09-04,1807.0670166015625,1811.5319278069883,1786.0115271331308,1805.7980647866775,4778310
2024-09-05,1817.1248779296875,1823.5637269032381,1794.9882723576418,1810.638983993486,4081810
2024-09-06,1787.7034912109375,1820.2738676395406,1783.00358450389,1806.6441381891027,5848106
2024-09-09,1780.935791015625,1805.5632579164233,1775.624873131343,1776.5648545358595,4772612
2024-09-10,1797.5263671875,1818.8638977650467,1782.2046254069915,1790.5704823041315,6909600
2024-09-11,1795.50537109375,1810.4040523138208,1790.6644442667855,1799.7822173243185,5312946
2024-09-12,1833.3865966796875,1838.9795546148218,1796.1164275717779,1809.464116978717,8555092
2024-09-13,1827.417724609375,1841.0474542218399,1819.4749280775688,1833.3865832495185,3843127
2024-09-16,1833.1986083984375,1834.8435757434945,1817.0309752474043,1828.9686923682912,1570181
2024-09-17,1835.360595703125,1840.9063937669002,1825.584766901514,1830.8486394119768,2793127
2024-09-18,1778.5858154296875,1822.388925387728,1768.3870402660307,1822.388925387728,6385468
2024-09-19,1780.5125732421875,1809.370068657787,1766.036952686509,1795.9282898631557,7976570
2024-09-20,1791.369384765625,1800.0642118988178,1755.3211244108263,1790.6643987818527,15242974
2024-09-23,1782.6275634765625,1803.73021337189,1765.7078993837924,1794.4243751721033,3636672
2024-09-24,1784.6484375,1796.2102531560402,1759.0809925494216,1774.6846588682515,7277616
2024-09-25,1781.5467529296875,1787.4685667691454,1764.1570974239128,1773.1338507441149,4268341
2024-09-26,1786.199462890625,1802.8370859804254,1779.3845984749128,1783.896554606288,8952803
2024-09-27,1792.3095703125,1856.0872866298698,1789.0666803151419,1816.1380763305222,14908931
2024-09-30,1763.0291748046875,1787.139721811022,1758.2352923852816,1767.165116110307,6986955
2024-10-01,1790.053466796875,1794.3773580722982,1762.4650370326212,1762.4650370326212,4029072
2024-10-03,1779.7606201171875,1797.1032292411892,1768.1048290238766,1776.0946700907043,7503887
2024-10-04,1803.0252685546875,1836.8175525476968,1772.8048448832324,1776.1418246086153,10001483
2024-10-07,1818.2060546875,1825.4438655173053,1801.0513942623245,1807.7721694283628,6112575
2024-10-08,1831.6007080078125,1840.436440915146,1791.9334261359113,1821.5898836675146,5637391
2024-10-09,1835.5484619140625,1858.3430081700687,1828.3575821051584,1835.3605115538048,4857163
2024-10-10,1803.8240966796875,1846.1232547571165,1799.2181654069389,1840.3893918331603,4782119
2024-10-11,1818.9578857421875,1830.1436867455332,1795.4583520140732,1802.8842276209207,4709431
2024-10-14,1841.3294677734375,1851.2932470173037,1815.1979406537325,1816.1849669571325,3751378
2024-10-15,1841.7054443359375,1871.925751948734,1834.6085394794932,1842.3633853617557,5353705
2024-10-16,1804.858154296875,1841.9404871358424,1801.3332242595482,1837.6635261263593,3111512
2024-10-17,1849.9771728515625,1859.2830106666543,1814.304928428157,1819.0517651449982,8162822
2024-10-18,1766.7889404296875,1820.6028732629586,1757.0601563072833,1780.1367445813487,10526196
2024-10-21,1741.5504150390625,1784.8366013292746,1727.6856903747387,1777.5986762175419,4654601
2024-10-22,1740.469482421875,1765.0970631717694,1736.0985461009068,1746.67333651753,4125240
2024-10-23,1760.9610595703125,1772.804801466981,1733.3255853155424,1734.500561986716,4311910
2024-10-24,1751.51416015625,1770.9247972575436,1748.3652457001226,1749.6812424897346,2906475
2024-10-25,1750.292236328125,1763.7339001545147,1735.581505943881,1751.60811836117,4689120
2024-10-28,1753.3941650390625,1768.9509020729429,1745.5453438193326,1748.0832475331754,7018940
2024-10-29,1748.59326171875,1760.2866061853301,1738.8011693476826,1754.9627985871089,4621252
2024-10-30,1713.227783203125,1748.308049494395,1707.7613496606602,1741.6532608340028,5919715
2024-10-31,1670.589599609375,1699.728089871948,1660.3697457491953,1699.728089871948,7395236
2024-11-01,1674.011962890625,1678.9080088899161,1665.6460129974564,1677.4819828348002,371966
2024-11-04,1676.6739501953125,1679.8587185569368,1633.275200045737,1639.4546463788554,7336722
2024-11-05,1667.68994140625,1681.2371893406507,1658.9436944231081,1673.2039554066878,3160880
2024-11-06,1733.7625732421875,1737.089967643031,1675.7233776805178,1677.0067780250674,10421494
2024-11-07,1714.1309814453125,1735.6638830746192,1698.8724555004114,1723.5426610222241,4550965
2024-11-08,1739.704345703125,1749.829154713953,1723.7329222391422,1728.3437169759088,4210960
2024-11-11,1768.367431640625,1775.8778590726738,1732.669314114394,1738.8011800020988,3804234
2024-11-12,1776.638427734375,1788.2367269114475,1769.223045604574,1778.8249314544848,5012450
2024-11-13,1776.2581787109375,1780.8213927172376,1764.7549244206982,1769.3181384269985,4257495
2024-11-14,1772.5980224609375,1783.4833086013102,1764.469627272938,1773.5961711004963,4311431
2024-11-18,1722.1165771484375,1758.0049000608628,1706.4778709351956,1758.0049000608628,4839244
2024-11-19,1734.7607421875,1767.987103735295,1730.7679155470983,1735.4737552340218,4669769
2024-11-21,1743.6021728515625,1774.9271666789355,1730.8154024223286,1751.16006482196,5436504
2024-11-22,1808.4388427734375,1819.6569616576032,1743.554652462339,1762.6633798054363,6301486
2024-11-25,1796.5076904296875,1824.6480325215346,1789.1874693080074,1821.5107285834974,12764638
2024-11-26,1829.2587890625,1842.9961275482167,1803.7329448177684,1811.00558516297,6850495
2024-11-27,1829.5914306640625,1845.6580141122217,1817.4702091826562,1834.9152380654443,4447143
2024-11-28,1765.0875244140625,1820.4648690644453,1760.3341042723987,1820.4648690644453,8468790
2024-11-29,1766.2283935546875,1784.4340168837268,1754.0121263454853,1759.811276019277,5244346
2024-12-02,1787.095947265625,1789.9479994533772,1744.6953452341356,1767.3216723437565,2868263
2024-12-03,1798.789306640625,1806.0620629902432,1778.8725217831325,1793.9408410909798,4715792
2024-12-04,1796.0799560546875,1819.56180716774,1782.5327074778559,1791.0888644737497,4705573
2024-12-05,1839.4310302734375,1853.7388717964993,1795.7946087095554,1806.2997139926326,9050038
2024-12-06,1827.5950927734375,1842.3781605401093,1818.088252003757,1837.4822303839658,3573331
2024-12-09,1828.783447265625,1835.0103583375276,1803.6377838079438,1829.3062538776032,4274645
2024-12-10,1852.45556640625,1868.664660829215,1836.721697987323,1843.3764867481466,6174921
2024-12-11,1876.79296875,1880.4530791874988,1855.7352935156714,1858.5873457085745,5025612
2024-12-12,1889.0091552734375,1900.227273174294,1873.370449502188,1877.791037372581,6462130
2024-12-13,1901.0828857421875,1907.500003205855,1857.4465798294907,1872.6099443049989,5362693
2024-12-16,1882.4019775390625,1900.9877808683423,1880.072732013709,1897.0424188970678,3119221
2024-12-17,1879.1221923828125,1884.2559097971648,1861.439491111427,1870.9463322304846,5811050
2024-12-18,1881.54638671875,1887.060284654621,1864.8618349910091,1869.8054617493733,3064095
2024-12-19,1850.2213134765625,1863.1031292043601,1825.3134369549032,1838.623014099366,5323592
2024-12-20,1827.3572998046875,1882.3067661561822,1816.9948208472201,1877.743552521445,11056720
2024-12-23,1829.4014892578125,1844.3271834459897,1814.855975875461,1834.867922920088,2781793
2024-12-24,1814.9034423828125,1846.2284355881454,1749.2586619372746,1832.015755380025,2360544
2024-12-26,1813.3348388671875,1825.0757640546135,1808.4863732653307,1814.9034908105154,3623321
2024-12-27,1822.2236328125,1829.258717915249,1810.0073661143083,1815.2361283318478,3937500
2024-12-30,1812.00390625,1821.510747311123,1793.4655661808106,1821.2254956591669,7789055
2024-12-31,1787.2860107421875,1803.4476395627287,1754.0596496753712,1798.9794709559926,3613063
2025-01-01,1789.6627197265625,1799.5973216045268,1781.5819053214227,1781.5819053214227,1838368
2025-01-02,1861.296875,1865.8602051810894,1792.3248119514092,1793.9409285299619,7083645
2025-01-03,1843.1387939453125,1856.6384617090841,1827.214835312903,1856.6384617090841,6218003
2025-01-06,1842.2830810546875,1875.69964894824,1832.9188662808956,1855.7352837034794,7164403
2025-01-07,1835.62841796875,1861.962437838805,1828.7835386947554,1849.0806215360017,4294832
2025-01-08,1837.81494140625,1842.9961231909604,1795.6045452981161,1834.8202633622047,5482050
2025-01-09,1822.74658203125,1855.5926464465324,1816.3294646707038,1838.6705399259386,6833503
2025-01-10,1869.947998046875,1880.2630131182193,1836.9593070090002,1841.475056372847,8036913
2025-01-13,1865.4322509765625,1885.0164358188285,1852.8832675701437,1859.538056114521,5804152
2025-01-14,1844.374755859375,1874.5589763818855,1835.8660634362316,1871.7543886244132,5792162
2025-01-15,1853.501220703125,1861.4869901029845,1841.5700892018165,1850.981884706997,2985439
2025-01-16,1833.3466796875,1869.948017007702,1822.3187674971882,1868.9973329214629,7533579
2025-01-17,1725.9193115234375,1766.3709642563163,1722.6394979722525,1759.7161759087412,16409953
2025-01-20,1723.8756103515625,1737.8030402662885,1704.7193015774908,1733.0496195308024,4333011
2025-01-21,1711.896728515625,1741.3204695981628,1704.6240883474466,1729.3418737355341,7169109
2025-01-22,1764.8973388671875,1773.786327477544,1716.127317266663,1718.266356355729,8373913
2025-01-23,1773.4534912109375,1786.8582289789933,1761.3322697336553,1766.370941552174,5907471
2025-01-24,1782.96044921875,1801.4513245969808,1772.312833717117,1773.501188842313,4887027
2025-01-27,1732.146484375,1771.1245336940863,1722.639643077662,1757.5772848453794,7652371
2025-01-28,1739.5142822265625,1771.5998715284597,1734.9034874184256,1739.7519532584283,6999495
2025-01-29,1788.474365234375,1795.5094503993766,1749.7339902797964,1754.0120684956396,5145155
2025-01-30,1768.2247314453125,1794.1308715011382,1753.0613674474346,1780.7738303869369,7336056
2025-01-31,1787.095947265625,1803.875428129993,1778.729881094765,1778.729881094765,5820470
2025-02-01,1760.0489501953125,1797.3633003755383,1754.9628135718901,1787.571323971164,1701402
2025-02-03,1771.4097900390625,1784.0063547913574,1742.033627142517,1745.4560668085503,4823228
2025-02-04,1805.1590576171875,1816.9474478919842,1782.5327290891591,1795.8423067996916,7334787
2025-02-05,1803.4952392578125,1825.0281403385413,1800.88085809743,1812.0038151596648,4996744
2025-02-06,1821.177978515625,1829.116167362465,1806.2997494743677,1822.46137881177,4765255
2025-02-07,1809.769775390625,1828.8309215990796,1796.2699917999128,1824.648004479721,4126260
2025-02-10,1787.5712890625,1811.0531389851265,1785.9550565261386,1811.0531389851265,3828734
2025-02-11,1783.150634765625,1809.1518213900456,1777.7792464526458,1790.2331848086437,4411601
2025-02-12,1771.26708984375,1801.1660581275596,1755.9135185424811,1792.0395140512057,5633947
2025-02-13,1752.3485107421875,1781.106705479717,1745.1233346132335,1776.3532848619434,5237744
2025-02-14,1764.8499755859375,1767.6069826690268,1738.1832403249714,1762.568310549922,5292961
2025-02-17,1751.4451904296875,1761.3797918708847,1732.2888845014002,1747.8801254076848,4428956
2025-02-18,1760.619384765625,1769.8410902296603,1746.977091046225,1751.445375977347,4365260
2025-02-19,1721.498779296875,1758.004955145868,1716.840404092615,1756.2937934312417,4611411
2025-02-20,1735.14111328125,1740.7025920720746,1716.5077280780874,1716.5077280780874,2218020
2025-02-21,1725.4915771484375,1739.6092122968646,1717.1255109603246,1731.956275207461,3379879
2025-02-24,1677.101806640625,1718.8368620656656,1663.9348549947076,1711.2789698500455,7594720
2025-02-25,1680.524169921875,1690.744023588038,1659.0863139546623,1659.0863139546623,5092963
2025-02-27,1677.2919921875,1688.2723238346587,1664.7428925260701,1668.640674098442,5757079
2025-02-28,1604.4696044921875,1668.5457398498413,1599.4785126706022,1668.4982752722037,12182167
2025-03-03,1624.3388671875,1643.3525496222132,1608.8427856333933,1608.8427856333933,7504969
2025-03-04,1605.0400390625,1615.2123126810395,1587.6424733239176,1611.4095762179882,6759673
2025-03-05,1627.0958251953125,1647.4879525703643,1608.9852468032536,1608.9852468032536,8180782
2025-03-06,1631.231201171875,1637.3631829139892,1607.7017709749155,1630.4231429408271,10610547
2025-03-07,1602.8533935546875,1620.9163914654462,1592.871210498742,1619.1100684643093,8019331
2025-03-10,1617.5413818359375,1634.225933863566,1593.5366088108908,1602.8533592169706,7558981
2025-03-11,1579.6566162109375,1597.1492261839649,1556.3173920894415,1597.1492261839649,12671234
2025-03-12,1512.3956298828125,1556.1746748414012,1486.6796971141694,1556.1746748414012,14870008
2025-03-13,1501.938232421875,1526.8462251444753,1492.8592690164621,1520.381526929375,7822888
2025-03-17,1511.63525390625,1515.3904095675546,1468.949515897204,1468.949515897204,7526032
2025-03-18,1511.63525390625,1511.63525390625,1511.63525390625,1511.63525390625,0
2025-03-19,1508.307861328125,1523.9465678973438,1495.2359553339961,1523.9465678973438,7387068
2025-03-20,1535.8778076171875,1551.4214700841842,1513.4891497172634,1513.4891497172634,7186750
2025-03-21,1514.0120849609375,1524.802326821007,1486.5372898982932,1500.1320035723254,10074677
2025-03-24,1514.2020263671875,1527.8443193262497,1495.1407646724408,1519.1455370257738,8857726
2025-03-25,1548.1414794921875,1555.46181670782,1525.84798372026,1525.84798372026,9890140
2025-03-26,1520.5716552734375,1556.9829031533513,1516.3411573986234,1545.8123648464964,6651302
2025-03-27,1524.469482421875,1540.0606082841557,1507.7849306219216,1516.8640098840594,9426573
2025-03-28,1493.1920166015625,1519.620965158934,1483.0672076469882,1511.5877308709687,6799047
2025-04-01,1451.21923828125,1471.0885586286036,1442.9957978349414,1463.3404602190724,12680733
2025-04-02,1473.7030029296875,1478.9317655581158,1459.4902057913214,1459.4902057913214,6193478
2025-04-03,1422.6986083984375,1458.967226269639,1411.8133230002038,1458.967226269639,10459504
2025-04-04,1380.0606689453125,1399.4070681791675,1376.5906485892897,1388.4742004590178,9590254
2025-04-07,1327.867919921875,1336.5667020131123,1242.5440281638737,1285.3248095467156,21715252
2025-04-08,1358.33740234375,1384.671303823326,1345.2179161757683,1360.4288608109712,12805001
2025-04-09,1334.4752197265625,1339.9416532809853,1313.7503760547593,1335.758736096975,8546854
2025-04-11,1339.941650390625,1367.844321400648,1328.1532604606723,1341.652928180614,12567440
2025-04-15,1355.675537109375,1376.3053358191778,1339.513907284088,1374.3089224037624,10178530
2025-04-16,1343.4117431640625,1357.1016180730755,1327.9156612183533,1354.7249077086744,12022740
2025-04-17,1349.49609375,1359.2881865002564,1310.327954849587,1329.0563853909828,14264227
2025-04-21,1379.442626953125,1399.2169026224717,1340.4645789137878,1340.4645789137878,15648970
2025-04-22,1352.63330078125,1368.9850198763202,1349.3059066357173,1368.9850198763202,9399738
2025-04-23,1402.1639404296875,1414.4277879886072,1368.6047467603623,1374.6891479419496,11136642
2025-04-24,1398.8365478515625,1409.7694145318515,1389.4247524558623,1397.4105217628291,7114292
2025-04-25,1407.2025146484375,1427.642222162945,1391.3261370921732,1402.7343459374797,8329979
2025-04-28,1409.0087890625,1416.1389193452367,1393.0373668593481,1407.2024661808139,5886253
2025-04-29,1423.6494140625,1435.3428747016321,1401.4033833138335,1408.9138107783806,8056743
2025-04-30,1426.12109375,1434.3921144618078,1409.4841231835037,1422.9839060733532,7704183
2025-05-02,1432.5858154296875,1448.081895785028,1422.4134264838601,1425.7408206525301,7402310
2025-05-05,1434.2020263671875,1447.8919007730015,1428.6881281546378,1440.2864278864722,4282493
2025-05-06,1436.958984375,1440.856765886036,1425.170478593818,1431.7302219442606,4270530
2025-05-07,1433.9168701171875,1443.8990531370239,1422.7937965506155,1426.026145690909,5691799
2025-05-08,1436.864013671875,1441.7124795125974,1427.1669659401214,1433.631664427957,8424409
2025-05-09,1433.2513427734375,1436.8639888159648,1420.4171072727893,1426.6915991963783,4478653
2025-05-12,1546.66796875,1551.516434397431,1456.4480254270004,1461.2014458755218,11372857
2025-05-13,1491.2430419921875,1532.6928451513845,1487.4403056280353,1529.6507024801845,12846210
2025-05-14,1513.869384765625,1516.3411402167324,1492.0986956552736,1496.3767741072957,4870057
2025-05-15,1533.453369140625,1538.7771765983814,1493.5246391320036,1511.3975456512203,11151167
2025-05-16,1511.49267578125,1533.0731584594146,1503.5069061207216,1533.0731584594146,4576751
2025-05-19,1482.876953125,1506.8341435615073,1478.9790558755526,1498.7533295424078,8855798
2025-05-20,1483.637451171875,1505.4081383338412,1481.1656959419795,1492.573904126385,7143998
2025-05-21,1491.14794921875,1493.5246593705174,1475.556707413097,1490.577561992386,4157309
2025-05-22,1471.18359375,1483.8277382618005,1464.0534632471729,1478.789066286349,6158990
2025-05-23,1487.6304931640625,1508.9257236923431,1473.5603223754533,1473.5603223754533,5038421
2025-05-26,1502.5560302734375,1505.6933338273104,1485.6338090106342,1489.3414997424045,3170102
2025-05-27,1492.6690673828125,1504.8378701621398,1479.6447417622219,1501.985817890451,7775714
2025-05-28,1494.2852783203125,1509.4010623010483,1492.5740005619675,1503.0315254066693,3623370
2025-05-29,1507.4046630859375,1529.555648703017,1498.8485063145804,1510.6370121874,8609500
2025-05-30,1506.5369873046875,1515.5027951891782,1499.2101525439637,1514.5387348868949,13148092
2025-06-02,1497.9569091796875,1503.9340358386107,1483.6887699715526,1503.9340358386107,4374509
2025-06-03,1487.5450439453125,1510.9717563250315,1480.410974183671,1502.9700087561519,6853403
2025-06-04,1495.4503173828125,1501.3311794658816,1486.0025968815146,1487.545069852834,4548307
2025-06-05,1498.43896484375,1511.3572786610305,1486.195328477135,1492.2689554139665,6948539
2025-06-06,1507.5975341796875,1512.5142181403369,1487.641415492617,1498.8244913615613,3960020
2025-06-09,1516.3704833984375,1530.9277705261318,1514.5387452749073,1521.2871674371763,2903202
2025-06-10,1538.6402587890625,1549.726952383094,1520.8051430073597,1527.0715350387688,8591925
2025-06-11,1572.4786376953125,1575.8528485433976,1532.9521677606,1532.9521677606,10597410
2025-06-12,1550.7874755859375,1569.4902701551284,1540.6648417796544,1558.8856061675938,10483574
2025-06-13,1544.4246826171875,1551.1731050755648,1513.7675163758718,1519.3591134860721,6968315
2025-06-16,1565.441162109375,1576.0458254086714,1539.7006814911979,1542.4964798976407,5591842
2025-06-17,1580.962646484375,1588.193099360836,1557.535932091381,1562.452616510744,7622083
2025-06-18,1574.214111328125,1585.589952431105,1562.7417700471647,1562.7417700471647,5629707
2025-06-19,1560.2352294921875,1571.4183055533617,1553.5831898154863,1565.5375611980423,5147760
2025-06-20,1564.573486328125,1572.0930860674746,1551.076642111549,1560.8136276168789,9202821
2025-06-23,1527.071533203125,1543.4605584963404,1518.7806380620095,1543.4605584963404,7943676
2025-06-24,1524.7576904296875,1551.172965207259,1519.9373891083474,1543.4604830931148,8083992
2025-06-25,1556.8609619140625,1561.6812632899293,1528.1319186406413,1532.8558375256184,7813533
2025-06-26,1557.9215087890625,1565.6339915058402,1548.8593180602195,1550.9803214172216,6519233
2025-06-27,1550.208984375,1571.0326636135578,1544.8102701550988,1560.8136478253264,8912268
2025-06-30,1544.2318115234375,1556.9573602116636,1536.8084767193552,1556.9573602116636,6294505
2025-07-01,1549.0521240234375,1559.5602870581276,1542.978497111504,1551.1730095922587,4178937
2025-07-02,1552.619140625,1589.735462831807,1545.7743359105034,1559.8495930029494,8653641
2025-07-03,1560.5244140625,1573.7321112354073,1556.9574379034102,1560.331649069145,5259695
2025-07-04,1581.7337646484375,1584.3367981958825,1554.3545449332526,1566.5980642699803,4411273
2025-07-07,1568.526123046875,1584.91514830305,1564.669881810128,1581.058907066303,3294523
2025-07-08,1579.8056640625,1587.0361167588558,1563.2238729521173,1569.4902652889589,4590681
2025-07-09,1574.9852294921875,1579.1307357618878,1565.248244218562,1578.937970779495,4580828
2025-07-10,1557.7286376953125,1579.998406486553,1549.341242702206,1579.998406486553,5330179
2025-07-11,1537.579833984375,1549.3413228616234,1506.8262861181436,1522.3476337948875,11391755
2025-07-14,1513.8638916015625,1534.5911874414394,1503.7412587495296,1534.5911874414394,9173426
2025-07-15,1528.614013671875,1545.967099361679,1507.790334380739,1508.8507771918205,7614807
2025-07-16,1550.112548828125,1554.0651724422496,1521.7691530397587,1522.2511831800944,6223491
2025-07-17,1526.5894775390625,1552.1370753633664,1523.3116489985612,1540.5683518202854,7374814
2025-07-18,1529.0960693359375,1541.8217363306167,1523.2153248462614,1534.8804313290245,5161833
2025-07-21,1527.36083984375,1531.8918763569468,1510.4897839367352,1523.2153333190533,3682661
2025-07-22,1514.4423828125,1528.806905141675,1508.7544033781517,1508.7544033781517,8473741
2025-07-23,1517.9129638671875,1534.6876368616054,1494.2934861823694,1519.648319505044,8035026
2025-07-24,1496.70361328125,1525.14339208434,1492.558106924831,1523.21527148752,14169664
2025-07-25,1461.2261962890625,1493.8114825426642,1456.9844249801497,1487.930738061539,10851259
2025-07-28,1461.515380859375,1464.6968268487494,1429.2193615593824,1459.4908778130184,6439855
2025-07-29,1459.2979736328125,1462.6721845547067,1442.3305365336291,1458.5267960319763,7070448
2025-07-30,1464.40771484375,1467.0106307922656,1451.8749299240865,1465.2753927209724,5719051
2025-07-31,1454.76708984375,1472.21655890233,1443.198365471235,1455.4418850255533,6851407
2025-08-01,1416.782958984375,1444.8370894973941,1412.83033538686,1440.2096707795008,8702978
2025-08-04,1427.291259765625,1429.5086455065348,1398.8514812022438,1408.9741142502269,8610216
2025-08-05,1407.8173828125,1425.5559991895734,1402.7078158601623,1425.5559991895734,10213323
2025-08-06,1385.0654296875,1403.768223634903,1378.895537719122,1399.8155998166778,10566934
2025-08-07,1385.25830078125,1390.1749848888187,1363.3740608530718,1378.6062610201184,9892020
2025-08-08,1371.9542236328125,1381.6912093691872,1366.169861688454,1373.785961785155,10048009
2025-08-11,1376.8709716796875,1381.8841562074572,1363.1813615156616,1368.8693412283471,6625368
2025-08-12,1372.918212890625,1389.2108550605094,1369.9296495773656,1376.8708364780418,9899184
2025-08-13,1375.328369140625,1382.4624387348806,1371.279363046038,1373.7858962323605,10318063
2025-08-14,1395.6700439453125,1417.1686356270611,1374.9427475738962,1374.9427475738962,12902347
2025-08-18,1384.1978759765625,1412.05912550974,1378.2206312900619,1412.05912550974,7254561
2025-08-19,1388.246826171875,1397.3090164904586,1381.2091389381637,1381.2091389381637,3986094
2025-08-20,1442.427001953125,1445.1264179190935,1388.921654258322,1388.921654258322,10413061
2025-08-21,1442.619873046875,1453.802949118853,1430.9547668193538,1453.802949118853,6565539
2025-08-22,1434.0396728515625,1450.2359327005538,1432.6899649169563,1444.258688328196,5543397
2025-08-25,1477.0367431640625,1483.6887826854402,1452.549588321255,1452.549588321255,10694531
2025-08-26,1474.6265869140625,1483.1103644867733,1464.021923789744,1468.2638125760993,15994798
2025-08-28,1446.1868896484375,1474.6266696224122,1444.162386475055,1474.6266696224122,5443364
2025-08-29,1416.782958984375,1447.922152992462,1414.951220922169,1447.922152992462,8169075
2025-09-01,1445.511962890625,1449.3682038919694,1423.145694472945,1423.6277245981132,4546057
2025-09-02,1444.837158203125,1458.4305028963795,1432.8829043510907,1445.5120710387366,5218763
2025-09-03,1425.941650390625,1447.9222736017668,1420.0609057500144,1446.09053538698,4623483
2025-09-04,1410.420166015625,1430.6654315565193,1407.6243677138264,1430.6654315565193,5787724
2025-09-05,1392.6815185546875,1419.771590084351,1381.4984423486478,1417.1686742864704,5466487
2025-09-08,1381.4019775390625,1405.5998666589085,1376.9673238557784,1398.8514448025214,3811567
2025-09-09,1450.2359619140625,1453.0316426482493,1419.5787971834648,1427.7733097648295,13072640
2025-09-10,1477.518798828125,1479.7361846012639,1455.056264347903,1455.8274419814547,7281071
2025-09-11,1455.4417724609375,1472.6020926929066,1452.3568266067848,1469.1314991861996,8003662
2025-09-12,1470.7703857421875,1487.4486761823323,1466.4321143461764,1481.7606968153777,12856963
2025-09-15,1454.1885986328125,1472.6021270614033,1447.2472937742573,1470.7703889313757,6167414
2025-09-16,1456.9844970703125,1459.5874130189484,1449.4647790449067,1454.18869843609,8923112
2025-09-17,1467.685546875,1471.830935901443,1459.58741614181,1462.3832147820146,4795698
2025-09-18,1485.2313232421875,1499.1138155530703,1483.2068200825713,1494.2935138953433,9331945
2025-09-19,1484.845703125,1495.546867150236,1465.4681136380061,1489.0875921991392,12988129
2025-09-22,1445.6083984375,1460.2620677071914,1428.7373434373958,1429.4121385641438,15655204
2025-09-23,1443.6802978515625,1458.6232324870878,1439.3420265057648,1439.3420265057648,9832164
2025-09-24,1440.884521484375,1442.909024606748,1429.4121802134027,1433.7504516255494,4937004
2025-09-25,1431.4368896484375,1448.6934761875953,1423.4351414751138,1435.4858961438838,9491867
2025-09-26,1396.8270263671875,1425.555953399892,1389.4036912657584,1421.9889772759154,8597058
2025-09-29,1389.982177734375,1412.3483294621576,1384.872611107433,1407.5280279964163,10513117
2025-09-30,1389.982177734375,1400.0083106366037,1386.4150840398418,1391.1390030128964,7556305
2025-10-01,1393.8385009765625,1397.405477197979,1376.0997670015454,1394.0312659732858,6250692
2025-10-03,1394.609619140625,1396.2485922754322,1381.6911874663804,1387.282784330546,6877533
2025-10-06,1422.9530029296875,1425.6524188431904,1390.4642178899833,1394.6096065704758,4630590
2025-10-07,1406.0819091796875,1429.6050033943986,1401.743637948074,1424.5918193613172,5570320
2025-10-08,1441.2701416015625,1444.1623224877194,1402.707729786136,1404.6358503769075,4657192
2025-10-09,1455.0562744140625,1459.5873108023447,1433.557682406266,1448.0185870707542,7028753
2025-10-10,1460.4549560546875,1467.0104954131987,1444.933608930849,1455.7310370996563,3738353
2025-10-13,1439.5347900390625,1450.6214834671307,1430.087069727637,1443.1982662450723,5859355
2025-10-14,1436.353515625,1459.9729938155936,1433.075686951717,1445.1264411305913,5600789
2025-10-15,1421.4105224609375,1435.1001315764527,1414.75848288892,1430.5690952632847,6986098
2025-10-16,1418.61474609375,1421.5069270236047,1408.0100826842827,1420.9285143742625,8005748
2025-10-17,1389.3072509765625,1405.9855409539045,1382.462446500531,1402.6113299617484,16959378
2025-10-20,1408.395751953125,1414.276496397426,1397.8874708768014,1401.4544470050912,6994246
2025-10-21,1419.482421875,1432.5936185349226,1417.1686535978035,1424.881136066363,1698704
2025-10-23,1473.566162109375,1490.4372172856354,1451.8748054541832,1455.7310466373283,20358624
2025-10-24,1470.57763671875,1487.5450748262833,1463.4435668090073,1484.1708637038648,8652257
2025-10-27,1472.633056640625,1483.2043487095048,1466.3685916918344,1478.0165606695539,7273211
2025-10-28,1468.4241943359375,1474.5908017388306,1458.9296979699484,1467.9347848431598,8211019
2025-10-29,1478.408203125,1488.0005573851865,1465.1941469679696,1468.4241778932897,4884976
2025-10-30,1462.1597900390625,1476.2546872805226,1457.5592692997866,1475.0801523386458,5608867
2025-10-31,1450.9034423828125,1465.3898918009988,1449.3372364048548,1458.4403008415877,4819814
2025-11-03,1454.0355224609375,1459.8105780526128,1442.974820743242,1450.9033496746388,5470600
2025-11-04,1436.808349609375,1450.511814804534,1431.9142548968182,1448.3583414401685,8691330
2025-11-06,1435.6336669921875,1451.58846323567,1430.9354078512456,1447.2816360762577,7944752
2025-11-07,1445.5198974609375,1449.533031326473,1418.4065403991735,1438.8638806951196,8765759
2025-11-10,1481.4425048828125,1487.8048281611332,1458.4402591842686,1458.5381171839108,9787975
2025-11-11,1497.88671875,1500.9210336624128,1479.0933228205395,1492.6989304110698,13692989
2025-11-12,1518.8333740234375,1526.1745164244364,1505.5214596999074,1507.3812396717751,14635417
2025-11-13,1509.14306640625,1524.5104757353395,1497.8866487683968,1524.1189242683809,19655689
2025-11-14,1470.9691162109375,1497.59294295853,1457.2656513734084,1487.8047537888665,9739549
2025-11-17,1475.66748046875,1478.212385937251,1460.8873376663598,1464.3132041198487,7910354
2025-11-18,1454.91650390625,1474.1013313334302,1451.784211591062,1474.1013313334302,7525119
2025-11-19,1508.4578857421875,1510.317665675936,1458.9296699222182,1458.9296699222182,10981126
2025-11-20,1503.955322265625,1522.0634729079381,1501.5082748815287,1522.0634729079381,7387584
2025-11-21,1512.2752685546875,1518.6375916910017,1493.9714020948772,1498.5718033380108,9186302
2025-11-24,1515.2117919921875,1551.4280945139647,1508.3600590826622,1530.4813442936104,19270381
2025-11-25,1498.1802978515625,1517.7566773334454,1493.5798964672151,1516.1905908718425,8107952
2025-11-26,1524.902099609375,1527.251289037942,1499.6485223505715,1499.6485223505715,7575038
2025-11-27,1533.2220458984375,1540.954739594805,1519.3227449478784,1530.8728564928056,7552252
2025-11-28,1527.055419921875,1535.179665000364,1524.0211050739736,1531.8516566735827,4453221
2025-12-01,1530.872802734375,1540.6609920101703,1523.042251313739,1529.4045743430058,5341800
2025-12-02,1527.9364013671875,1546.4361036663386,1523.1401645511503,1533.8093151456649,6335969
2025-12-03,1545.261474609375,1552.406900951154,1521.182551618934,1522.1613705980963,12895312
2025-12-04,1563.7611083984375,1565.1314788059085,1534.7880917871573,1534.7880917871573,12609619
2025-12-05,1581.9671630859375,1597.2368345243183,1566.1103436503722,1575.8985332981872,10344725
2025-12-08,1576.681640625,1595.4749170068917,1566.306063981828,1582.8481284293375,7550413
2025-12-09,1565.1314697265625,1572.8641631737528,1548.883099378693,1567.2848235795727,6957599
2025-12-10,1551.2322998046875,1573.9408513587562,1549.2746619298632,1573.9408513587562,5116140
2025-12-11,1564.1527099609375,1573.3536321517727,1547.023378030827,1564.1527099609375,5159319
2025-12-12,1564.348388671875,1567.8722324584342,1549.0788370408115,1567.4806809838458,4633912
2025-12-15,1572.766357421875,1576.6816332735752,1551.4280562362142,1551.4280562362142,4190558
2025-12-16,1559.1607666015625,1569.0468143358012,1552.0153403019585,1566.1103574156468,5499258
2025-12-17,1568.0679931640625,1572.8642300238714,1552.4068896118622,1553.5814245843821,4817628
2025-12-18,1592.3427734375,1595.4749463972676,1572.6684162407605,1576.3879761796316,6577293
2025-12-19,1603.9906005859375,1619.847539612933,1595.2792073285575,1615.0513027562847,13149023
2025-12-22,1653.8125,1657.3362243784013,1628.7547583833573,1628.7547583833573,23098923
2025-12-23,1632.9637451171875,1643.4370603643276,1621.3157754082474,1643.4370603643276,6593060
2025-12-24,1628.16748046875,1632.2784723030877,1617.4983299175808,1625.8182910699556,4271167
2025-12-26,1621.0220947265625,1633.453167508233,1616.7152673020842,1628.167521100225,2006491
2025-12-29,1609.863525390625,1637.6620082639456,1602.4245250544589,1622.8818655924697,4062817
2025-12-30,1587.2528076171875,1612.9957941560388,1582.554548282334,1612.1148331917736,9395937
2025-12-31,1581.1842041015625,1594.1045668429529,1575.1154547350545,1586.6655664923117,6538656
2026-01-01,1595.2791748046875,1604.8715288376811,1579.9116455766828,1581.184158007412,3658165
2026-01-02,1605.6546630859375,1608.6889779975038,1593.0278744696911,1601.2499777187402,2524526
2026-01-05,1572.374755859375,1602.3265912739637,1549.568226955718,1602.3265912739637,5917885
2026-01-06,1578.0518798828125,1585.5888575673962,1565.1315174017209,1566.2081943610224,4466729
2026-01-07,1604.2843017578125,1607.2207586859843,1580.7926463324388,1580.7926463324388,4508079
2026-01-08,1579.128662109375,1609.472049603195,1574.5281413468902,1604.186403368615,3942131
2026-01-09,1579.91162109375,1596.747378487979,1572.9620305433675,1575.898487352098,6816681
2026-01-12,1562.09716796875,1579.1286413969012,1558.867017677559,1575.996349102621,6985362
2026-01-13,1565.1314697265625,1583.7290294043642,1552.7983751003353,1583.7290294043642,8080618
2026-01-14,1565.91455078125,1582.7501883551427,1549.5682031809922,1554.3644397699236,7557157
2026-01-15,1565.91455078125,1565.91455078125,1565.91455078125,1565.91455078125,0
2026-01-16,1654.00830078125,1658.119292555676,1618.3792672921977,1628.461030733189,19335957
2026-01-19,1645.59033203125,1649.309891747184,1631.201741600405,1649.309891747184,5104958
2026-01-20,1623.7628173828125,1644.6115898062917,1617.889903547792,1637.5641409981627,6406503
2026-01-21,1619.358154296875,1621.9030597634667,1596.6494821313709,1616.0301458476063,6224582
2026-01-22,1628.265380859375,1635.8022392467942,1618.7708845027832,1630.712428320841,6228892
2026-01-23,1635.4107666015625,1640.2068839190629,1626.9928279555104,1631.8869227568262,5869137
2026-01-27,1647.05859375,1653.6167523834592,1625.9161283991023,1650.0930280724322,10673087
2026-01-28,1631.2017822265625,1653.029492632909,1615.05126953125,1644.4158380681818,8588664
2026-01-29,1624.35009765625,1631.2018305177105,1607.318623503672,1622.8818691859371,4749582
2026-01-30,1606.241943359375,1619.9454090553113,1583.8269648597889,1619.9454090553113,9207926
2026-02-02,1594.8875732421875,1626.7970461591942,1583.7290136495644,1626.7970461591942,6784887
2026-02-03,1620.9241943359375,1691.3991593070652,1617.9877374621406,1690.616056346825,8805868
2026-02-04,1503.2701416015625,1551.3301265638145,1478.1144237257668,1540.66097646391,28828622
2026-02-05,1488.00048828125,1518.1481590925844,1483.5958031001303,1501.5082372972433,10628127
2026-02-06,1475.177978515625,1492.6988611765453,1448.6520095352703,1489.86026239605,13900866
2026-02-09,1465.4876708984375,1495.6353420798034,1461.376679139494,1489.8602864300617,8294615
2026-02-10,1466.0750732421875,1483.7916723660803,1459.4190565785855,1468.2284271414342,8657000
2026-02-11,1440.7236328125,1474.003477029586,1437.885033967625,1469.4029562852068,7934411
2026-02-12,1356.64306640625,1405.2903204885395,1351.259562174479,1398.6344233110094,26048896
2026-02-13,1340.1009521484375,1348.1273389393946,1254.3564391221673,1266.493817560756,45785709
2026-02-16,1336.6751708984375,1346.854912154694,1309.953484521095,1344.6035807140283,14621891
2026-02-17,1361.73291015625,1400.6899531531467,1338.0455387563604,1340.9819956812096,25347684
2026-02-18,1344.603515625,1371.3253201935424,1316.805153615715,1361.4392729027982,20241373
2026-02-19,1341.471435546875,1372.3042339560152,1334.326009074035,1355.6643110050506,14574228
2026-02-20,1324.5377197265625,1336.0878308198503,1309.8554358713993,1330.4106332686276,12633552
2026-02-23,1299.3822021484375,1323.3632672728343,1290.0834217940796,1323.3632672728343,12887826
2026-02-24,1248.4835205078125,1275.988307999553,1237.3249610296912,1273.4434027288626,27839061
2026-02-25,1262.7742919921875,1295.564726518415,1258.9568742250233,1258.9568742250233,16669618
2026-02-26,1261.7955322265625,1286.168148899459,1259.054910753846,1277.848187510079,11493914
2026-02-27,1272.5625,1306.723305439908,1266.7874442662774,1298.207628321947,23141724
2026-03-02,1261.5997314453125,1271.290062662244,1246.0364867011174,1263.6552272829085,9700361
2026-03-04,1279.7078857421875,1289.104523520103,1264.6340504084835,1264.6340504084835,15154950
2026-03-05,1278.141845703125,1292.0410271405913,1262.7743163409898,1292.0410271405913,10362147
2026-03-06,1280.686767578125,1299.0884925711757,1275.4011212294208,1275.4011212294208,8724291
2026-03-09,1287.14697265625,1290.0834296280893,1255.3353554613236,1262.676497890922,10068514
2026-03-10,1268.1578369140625,1293.0198627132945,1256.9014187299574,1292.0410437407636,9600171
2026-03-11,1249.2667236328125,1271.975276386956,1244.3726286871142,1260.7188580118502,7868891
2026-03-12,1238.9891357421875,1251.5179472285731,1231.3542997621664,1245.5471752363726,7599940
2026-03-13,1221.8597412109375,1242.7085131232232,1216.280401513626,1224.5025045780033,7366098
2026-03-16,1223.3280029296875,1227.7326883178384,1198.2701415781937,1213.931245180508,12314450
2026-03-17,1206.785888671875,1218.6295738865974,1189.3628638376754,1218.6295738865974,11223276
2026-03-18,1240.261474609375,1263.459555545422,1208.7435520363658,1211.7778669014497,12365381
2026-03-19,1194.9422607421875,1228.4178221249233,1189.3629208552388,1217.846529327881,9156461
2026-03-20,1229.2987060546875,1238.0102183433878,1203.1641691885866,1215.6930991638783,27299975
2026-03-23,1230.1796875,1234.3885372371806,1201.4023868626336,1211.9735596886824,12420293
2026-03-24,1251.224365234375,1269.5282325903943,1224.5025589595862,1242.1213008151199,13613495
2026-03-25,1252.00732421875,1263.263742406015,1230.4733068170258,1243.100095463166,10824030
2026-03-27,1242.806396484375,1267.3748481809973,1236.444073189259,1257.9780904958054,13092541
2026-03-30,1224.1109619140625,1238.6953882487069,1216.6719617488286,1223.5236944376795,14108486
2026-04-01,1248.6793212890625,1275.4011271577126,1242.610691424955,1262.6764804554484,8137156
2026-04-02,1273.247802734375,1277.7503462365091,1233.116223742555,1233.3119397486187,12873492
2026-04-06,1278.5333251953125,1292.041075138383,1271.4858762157266,1273.8350657038357,10208682
2026-04-07,1311.0301513671875,1316.609371698259,1266.1023367797188,1274.4222980187042,15355792
2026-04-08,1317.68603515625,1347.7358488962445,1302.8080347694565,1320.4267760360608,16030133
2026-04-09,1303.395263671875,1309.170319257509,1286.1680743957882,1301.7313192842819,14894607
2026-04-10,1265.12353515625,1290.9643801968148,1256.1184483091881,1290.0834192154255,19233369
2026-04-13,1249.756103515625,1261.6976471062894,1238.8911174058185,1245.0577246851824,10366082
2026-04-15,1277.6524658203125,1294.4881045276459,1272.9540869097948,1278.631284802942,12098912
2026-04-16,1291.2579345703125,1302.808046184627,1281.2740288923192,1294.0965334739733,18527029
2026-04-17,1290.7685546875,1300.165312581974,1278.4354593069281,1285.1893342368037,12064048
2026-04-20,1284.7977294921875,1296.8372503675125,1280.3930442184933,1292.0410136169874,7172300
2026-04-21,1285.385009765625,1296.9351212811175,1271.7795218169556,1282.2528368892558,10057440
2026-04-22,1241.729736328125,1270.2133447995752,1229.2987830540255,1267.5705813427946,20088378
2026-04-23,1214.32275390625,1238.891085420282,1200.0320212693207,1227.438951608261,14792854
2026-04-24,1130.144287109375,1197.9764852174349,1127.7950978335834,1174.5826894228176,42078914
2026-04-27,1145.5118408203125,1154.9084786451926,1130.04645394258,1130.1443119385692,19579883
2026-04-28,1127.697265625,1144.6308809119316,1125.4460537763027,1138.0727223885278,12720276
2026-04-29,1142.7711181640625,1153.2444330805374,1132.2978032475876,1133.961747660014,8303109
2026-04-30,1156.768310546875,1164.5988623339997,1135.0384576467616,1142.7711514334947,12205669
2026-05-01,1156.768310546875,1156.768310546875,1156.768310546875,1156.768310546875,0
2026-05-04,1143.652099609375,1169.6886601132755,1140.5198072387318,1169.6886601132755,7735811
2026-05-05,1153.1466064453125,1160.0961972461241,1135.5278649580357,1144.728787187228,8164108
2026-05-06,1142.4774169921875,1166.2627649868193,1139.443102180398,1161.8580797644604,9856963
2026-05-07,1138.07275390625,1150.5038263553197,1134.6468875555572,1148.1546369607545,12013987
2026-05-08,1154.2232666015625,1158.4322359116547,1134.2554554613432,1136.4088093734103,7582770
2026-05-11,1152.0699462890625,1161.8581361470833,1147.2737093616843,1151.0911273032605,7336288
2026-05-12,1116.1473388671875,1137.3876630949442,1099.2137225952,1137.3876630949442,16891948
2026-05-13,1099.3115234375,1118.398492694932,1097.2560275682617,1112.5255790772605,6664111
2026-05-14,1071.8067626953125,1098.137016652994,1065.933848927119,1096.0815207310736,16914842
2026-05-15,1095.2984619140625,1109.1976439317652,1078.266987402901,1078.658538900176,17482450
2026-05-18,1118.3006591796875,1121.8243835304838,1094.319594715878,1095.2984136735845,12096377
2026-05-19,1171.5484619140625,1173.0166903851343,1137.3876555901809,1137.3876555901809,32175705
2026-05-20,1168.4161376953125,1181.3366195800531,1159.802602590221,1161.8580984968487,15121010
2026-05-21,1156.180908203125,1176.3446743746752,1152.0699163634372,1170.7653346096859,10021033
2026-05-22,1149.622802734375,1166.5564175672662,1147.6651649263981,1157.4533539662823,8803066
2026-05-25,1143.75,1159.900513478819,1141.4008105061328,1157.9428754813864,5856136
2026-05-26,1142.966796875,1155.6914427435413,1138.2685377836078,1141.5965459846338,8005767
2026-05-27,1135.3321533203125,1142.5754376343073,1130.5359164445094,1136.4088302961693,6371871
2026-05-28,1135.3321533203125,1135.3321533203125,1135.3321533203125,1135.3321533203125,0
2026-05-29,1136.3109130859375,1184.370898370815,1129.1654871448488,1156.96396849116,69085430
2026-06-01,1177.02978515625,1191.222659904496,1148.8397516554953,1150.1122640819906,19439331
2026-06-02,1243.8831787109375,1251.811588367994,1206.3943648530496,1206.3943648530496,36032600
2026-06-03,1196.7039794921875,1223.425783618914,1190.2437985614154,1215.7909483013548,18534303
2026-06-04,1175.855224609375,1189.4607121046952,1170.8631524946943,1182.4132636253246,12755957
2026-06-05,1172.1357421875,1197.8787294549086,1169.0035692089534,1194.159169493737,8692290
2026-06-08,1162.4453125,1175.26781631171,1151.5804465064052,1152.559265415463,8631711
2026-06-09,1155.300048828125,1168.3182691086097,1142.5754025403635,1168.3182691086097,10984054
2026-06-10,1145.300048828125,1171.4000244140625,1143.300048828125,1160.0999755859375,8887626
2026-06-11,1114.5999755859375,1133.699951171875,1109.0,1129.699951171875,9372176
2026-06-12,1116.4000244140625,1123.300048828125,1111.5,1120.0,8075333
2026-06-15,1134.9000244140625,1151.0,1123.0,1130.0,7856192
2026-06-16,1143.5999755859375,1153.800048828125,1123.199951171875,1136.9000244140625,10456090
2026-06-17,1157.699951171875,1162.5,1148.0,1149.0,5995119
2026-06-18,1127.5,1142.9000244140625,1125.300048828125,1142.9000244140625,16781447
2026-06-19,1051.4000244140625,1066.0,1030.0,1062.300048828125,45665442
2026-06-22,1065.4000244140625,1080.300048828125,1055.0,1055.0,10178505
2026-06-23,1029.300048828125,1055.300048828125,1026.0,1053.800048828125,19323064
2026-06-24,1056.5999755859375,1065.5,1037.699951171875,1040.9000244140625,12346266
2026-06-25,1041.199951171875,1068.0,1039.0999755859375,1065.0,15866779
2026-06-26,1041.199951171875,1041.199951171875,1041.199951171875,1041.199951171875,0
2026-06-29,1036.699951171875,1046.5999755859375,1029.0999755859375,1037.0999755859375,15080892
2026-06-30,1000.4000244140625,1030.4000244140625,996.0,1030.0,24128263
2026-07-01,985.2999877929688,1014.0,982.4000244140625,1006.0,13037982
2026-07-02,1040.9000244140625,1045.0,1006.0,1006.4000244140625,18741111
2026-07-03,1047.199951171875,1068.699951171875,1042.0,1063.0,11653534
2026-07-06,1042.199951171875,1053.0,1033.0,1050.0999755859375,5559747
2026-07-07,1071.800048828125,1087.5,1040.5999755859375,1040.5999755859375,18866296
2026-07-08,1069.300048828125,1079.699951171875,1064.4000244140625,1071.9000244140625,13022221
2026-07-09,1050.800048828125,1062.699951171875,1040.4000244140625,1062.699951171875,9003333
2026-07-10,1068.0,1091.300048828125,1064.699951171875,1075.0,9747266
2026-07-13,1102.5999755859375,1114.9000244140625,1057.0999755859375,1057.0999755859375,20994760
2026-07-14,1092.9000244140625,1113.5,1090.0,1107.800048828125,14819413
2026-07-15,1076.300048828125,1088.0999755859375,1073.0,1079.0,8501933
2026-07-16,1082.4000244140625,1097.300048828125,1077.9000244140625,1082.5,8592146
2026-07-17,1096.5,1116.800048828125,1092.0,1105.0,12547728
2026-07-20,1087.0999755859375,1103.800048828125,1083.199951171875,1102.0,6372645
2026-07-21,1073.5,1094.5,1067.199951171875,1080.0,9485229
2026-07-22,1052.0999755859375,1069.300048828125,1046.199951171875,1064.0,7517203
2026-07-23,1047.4000244140625,1058.5,1032.0,1046.9000244140625,13794578
2026-07-24,1040.9000244140625,1043.4000244140625,1013.9000244140625,1028.0,29036900
2026-07-27,1079.199951171875,1082.0,1057.4000244140625,1065.0,15956349
2026-07-28,1105.699951171875,1118.5,1097.0,1097.0,28100895
2026-07-29,1155.5999755859375,1164.5,1128.4000244140625,1147.0,34400369
2026-07-30,1155.0999755859375,1187.699951171875,1151.300048828125,1168.0,22630218
2026-07-31,1130.0999755859375,1139.300048828125,1107.199951171875,1118.9000244140625,14367075
2026-08-03,1180.0,1180.0,1138.0999755859375,1145.0999755859375,8582270
2026-08-04,1167.5,1175.699951171875,1153.300048828125,1168.0,9243589
2026-08-05,1174.0,1177.5,1162.300048828125,1174.699951171875,9964155
2026-08-06,1165.0,1185.800048828125,1163.0,1174.0999755859375,8521064
2026-08-07,1175.0999755859375,1183.0,1155.5999755859375,1160.0,7581410
2026-08-10,1183.0,1195.0,1175.199951171875,1178.0999755859375,9377001
2026-08-11,1190.699951171875,1193.5,1182.0,1188.0,10160091
2026-08-12,1176.0999755859375,1190.4000244140625,1163.300048828125,1185.5999755859375,7529777
2026-08-13,1175.0,1175.0,1157.0,1170.0,6234215
2026-08-14,1169.199951171875,1174.0999755859375,1158.9000244140625,1170.4000244140625,5844763
